"Rule","Severity","File","Line","Message","Value"
"MARKDOWN_LINK_IN_OUTPUT_SOURCE","Warning","docs\architecture\007-plugin-architecture.md","61","Generated documents must retain this label as text but remove the .md hyperlink.","../examples/example-plugin/README.md"
"MARKDOWN_LINK_IN_OUTPUT_SOURCE","Warning","docs\architecture\014-database-architecture.md","78","Generated documents must retain this label as text but remove the .md hyperlink.","019-database-persistence-and-pooling.md"
"MARKDOWN_LINK_IN_OUTPUT_SOURCE","Warning","docs\architecture\014-database-architecture.md","79","Generated documents must retain this label as text but remove the .md hyperlink.","017-security-and-credentials.md"
"MARKDOWN_LINK_IN_OUTPUT_SOURCE","Warning","docs\architecture\019-database-persistence-and-pooling.md","88","Generated documents must retain this label as text but remove the .md hyperlink.","028-shared-validation-and-jdbc-infrastructure.md"
"MARKDOWN_LINK_IN_OUTPUT_SOURCE","Warning","docs\architecture\025-manifest-driven-documentation-engine.md","32","Generated documents must retain this label as text but remove the .md hyperlink.","../decisions/ADR-0017-documentation-as-code.md"
"MARKDOWN_LINK_IN_OUTPUT_SOURCE","Warning","docs\architecture\025-manifest-driven-documentation-engine.md","33","Generated documents must retain this label as text but remove the .md hyperlink.","../decisions/ADR-0045-documentation-delivery-baseline.md"
"MARKDOWN_LINK_IN_OUTPUT_SOURCE","Warning","docs\architecture\025-manifest-driven-documentation-engine.md","34","Generated documents must retain this label as text but remove the .md hyperlink.","../decisions/ADR-0046-manifest-driven-documentation-engine.md"
"MARKDOWN_LINK_IN_OUTPUT_SOURCE","Warning","docs\architecture\ARCHITECTURE.md","27","Generated documents must retain this label as text but remove the .md hyperlink.","001-project-vision.md"
"MARKDOWN_LINK_IN_OUTPUT_SOURCE","Warning","docs\architecture\ARCHITECTURE.md","28","Generated documents must retain this label as text but remove the .md hyperlink.","002-system-overview.md"
"MARKDOWN_LINK_IN_OUTPUT_SOURCE","Warning","docs\architecture\ARCHITECTURE.md","29","Generated documents must retain this label as text but remove the .md hyperlink.","003-high-level-architecture.md"
"MARKDOWN_LINK_IN_OUTPUT_SOURCE","Warning","docs\architecture\ARCHITECTURE.md","30","Generated documents must retain this label as text but remove the .md hyperlink.","004-package-structure.md"
"MARKDOWN_LINK_IN_OUTPUT_SOURCE","Warning","docs\architecture\ARCHITECTURE.md","31","Generated documents must retain this label as text but remove the .md hyperlink.","005-dependency-rules.md"
"MARKDOWN_LINK_IN_OUTPUT_SOURCE","Warning","docs\architecture\ARCHITECTURE.md","32","Generated documents must retain this label as text but remove the .md hyperlink.","006-layered-architecture.md"
"MARKDOWN_LINK_IN_OUTPUT_SOURCE","Warning","docs\architecture\ARCHITECTURE.md","33","Generated documents must retain this label as text but remove the .md hyperlink.","007-plugin-architecture.md"
"MARKDOWN_LINK_IN_OUTPUT_SOURCE","Warning","docs\architecture\ARCHITECTURE.md","34","Generated documents must retain this label as text but remove the .md hyperlink.","008-pipeline-engine.md"
"MARKDOWN_LINK_IN_OUTPUT_SOURCE","Warning","docs\architecture\ARCHITECTURE.md","35","Generated documents must retain this label as text but remove the .md hyperlink.","009-dataset-lifecycle.md"
"MARKDOWN_LINK_IN_OUTPUT_SOURCE","Warning","docs\architecture\ARCHITECTURE.md","36","Generated documents must retain this label as text but remove the .md hyperlink.","010-component-interactions.md"
"MARKDOWN_LINK_IN_OUTPUT_SOURCE","Warning","docs\architecture\ARCHITECTURE.md","37","Generated documents must retain this label as text but remove the .md hyperlink.","011-configuration.md"
"MARKDOWN_LINK_IN_OUTPUT_SOURCE","Warning","docs\architecture\ARCHITECTURE.md","38","Generated documents must retain this label as text but remove the .md hyperlink.","012-logging.md"
"MARKDOWN_LINK_IN_OUTPUT_SOURCE","Warning","docs\architecture\ARCHITECTURE.md","39","Generated documents must retain this label as text but remove the .md hyperlink.","013-exception-strategy.md"
"MARKDOWN_LINK_IN_OUTPUT_SOURCE","Warning","docs\architecture\ARCHITECTURE.md","40","Generated documents must retain this label as text but remove the .md hyperlink.","014-database-architecture.md"
"MARKDOWN_LINK_IN_OUTPUT_SOURCE","Warning","docs\architecture\ARCHITECTURE.md","41","Generated documents must retain this label as text but remove the .md hyperlink.","015-future-architecture.md"
"MARKDOWN_LINK_IN_OUTPUT_SOURCE","Warning","docs\architecture\ARCHITECTURE.md","42","Generated documents must retain this label as text but remove the .md hyperlink.","016-download-and-parsing.md"
"MARKDOWN_LINK_IN_OUTPUT_SOURCE","Warning","docs\architecture\ARCHITECTURE.md","43","Generated documents must retain this label as text but remove the .md hyperlink.","017-security-and-credentials.md"
"MARKDOWN_LINK_IN_OUTPUT_SOURCE","Warning","docs\architecture\ARCHITECTURE.md","44","Generated documents must retain this label as text but remove the .md hyperlink.","018-testing-and-quality.md"
"MARKDOWN_LINK_IN_OUTPUT_SOURCE","Warning","docs\architecture\ARCHITECTURE.md","45","Generated documents must retain this label as text but remove the .md hyperlink.","019-database-persistence-and-pooling.md"
"MARKDOWN_LINK_IN_OUTPUT_SOURCE","Warning","docs\architecture\ARCHITECTURE.md","46","Generated documents must retain this label as text but remove the .md hyperlink.","020-ingestion-audit-and-provenance.md"
"MARKDOWN_LINK_IN_OUTPUT_SOURCE","Warning","docs\architecture\ARCHITECTURE.md","47","Generated documents must retain this label as text but remove the .md hyperlink.","021-ofgem-price-cap-architecture.md"
"MARKDOWN_LINK_IN_OUTPUT_SOURCE","Warning","docs\architecture\ARCHITECTURE.md","48","Generated documents must retain this label as text but remove the .md hyperlink.","022-deployment-and-environments.md"
"MARKDOWN_LINK_IN_OUTPUT_SOURCE","Warning","docs\architecture\ARCHITECTURE.md","49","Generated documents must retain this label as text but remove the .md hyperlink.","023-operational-failure-and-recovery.md"
"MARKDOWN_LINK_IN_OUTPUT_SOURCE","Warning","docs\architecture\ARCHITECTURE.md","50","Generated documents must retain this label as text but remove the .md hyperlink.","024-architecture-traceability.md"
"MARKDOWN_LINK_IN_OUTPUT_SOURCE","Warning","docs\architecture\ARCHITECTURE.md","51","Generated documents must retain this label as text but remove the .md hyperlink.","025-manifest-driven-documentation-engine.md"
"MARKDOWN_LINK_IN_OUTPUT_SOURCE","Warning","docs\architecture\ARCHITECTURE.md","52","Generated documents must retain this label as text but remove the .md hyperlink.","026-openmeteo-historical-weather-architecture.md"
"MARKDOWN_LINK_IN_OUTPUT_SOURCE","Warning","docs\architecture\ARCHITECTURE.md","53","Generated documents must retain this label as text but remove the .md hyperlink.","027-octopus-energy-statement-architecture.md"
"MARKDOWN_LINK_IN_OUTPUT_SOURCE","Warning","docs\architecture\ARCHITECTURE.md","54","Generated documents must retain this label as text but remove the .md hyperlink.","028-shared-validation-and-jdbc-infrastructure.md"
"MARKDOWN_LINK_IN_OUTPUT_SOURCE","Warning","docs\architecture\ARCHITECTURE.md","58","Generated documents must retain this label as text but remove the .md hyperlink.","../diagrams/README.md"
"MARKDOWN_LINK_IN_OUTPUT_SOURCE","Warning","docs\architecture\ARCHITECTURE.md","60","Generated documents must retain this label as text but remove the .md hyperlink.","CURRENT-CODE-INVENTORY.md"
"MARKDOWN_LINK_IN_OUTPUT_SOURCE","Warning","docs\architecture\ARCHITECTURE.md","61","Generated documents must retain this label as text but remove the .md hyperlink.","DOCUMENTATION-AUDIT.md"
"MARKDOWN_LINK_IN_OUTPUT_SOURCE","Warning","docs\architecture\PHASE-3-DATABASE-PERSISTENCE.md","33","Generated documents must retain this label as text but remove the .md hyperlink.","../review/DOCUMENTATION-GAP-ANALYSIS-2026-07-26.md"
"MARKDOWN_LINK_IN_OUTPUT_SOURCE","Warning","docs\architecture\PHASE-3-DATABASE-PERSISTENCE.md","37","Generated documents must retain this label as text but remove the .md hyperlink.","014-database-architecture.md"
"MARKDOWN_LINK_IN_OUTPUT_SOURCE","Warning","docs\architecture\PHASE-3-DATABASE-PERSISTENCE.md","38","Generated documents must retain this label as text but remove the .md hyperlink.","019-database-persistence-and-pooling.md"
"MARKDOWN_LINK_IN_OUTPUT_SOURCE","Warning","docs\architecture\PHASE-3-DATABASE-PERSISTENCE.md","39","Generated documents must retain this label as text but remove the .md hyperlink.","020-ingestion-audit-and-provenance.md"
"MARKDOWN_LINK_IN_OUTPUT_SOURCE","Warning","docs\architecture\PHASE-3-DATABASE-PERSISTENCE.md","40","Generated documents must retain this label as text but remove the .md hyperlink.","021-ofgem-price-cap-architecture.md"
"MARKDOWN_LINK_IN_OUTPUT_SOURCE","Warning","docs\architecture\PHASE-3-DATABASE-PERSISTENCE.md","41","Generated documents must retain this label as text but remove the .md hyperlink.","023-operational-failure-and-recovery.md"
"MARKDOWN_LINK_IN_OUTPUT_SOURCE","Warning","docs\architecture\PHASE-3-DATABASE-PERSISTENCE.md","42","Generated documents must retain this label as text but remove the .md hyperlink.","024-architecture-traceability.md"
"MARKDOWN_LINK_IN_OUTPUT_SOURCE","Warning","docs\build\AdministratorGuide-document-inventory.md","7","Generated documents must retain this label as text but remove the .md hyperlink.","../../docs/shared/coverpage.md"
"MARKDOWN_LINK_IN_OUTPUT_SOURCE","Warning","docs\build\AdministratorGuide-document-inventory.md","8","Generated documents must retain this label as text but remove the .md hyperlink.","../../docs/shared/copyright.md"
"MARKDOWN_LINK_IN_OUTPUT_SOURCE","Warning","docs\build\AdministratorGuide-document-inventory.md","9","Generated documents must retain this label as text but remove the .md hyperlink.","../../docs/shared/revision-history.md"
"MARKDOWN_LINK_IN_OUTPUT_SOURCE","Warning","docs\build\AdministratorGuide-document-inventory.md","10","Generated documents must retain this label as text but remove the .md hyperlink.","../../docs/shared/introduction.md"
"MARKDOWN_LINK_IN_OUTPUT_SOURCE","Warning","docs\build\AdministratorGuide-document-inventory.md","11","Generated documents must retain this label as text but remove the .md hyperlink.","../../docs/guides/sql-server-bootstrap.md"
"MARKDOWN_LINK_IN_OUTPUT_SOURCE","Warning","docs\build\AdministratorGuide-document-inventory.md","12","Generated documents must retain this label as text but remove the .md hyperlink.","../../docs/guides/database-configuration-and-security.md"
"MARKDOWN_LINK_IN_OUTPUT_SOURCE","Warning","docs\build\AdministratorGuide-document-inventory.md","13","Generated documents must retain this label as text but remove the .md hyperlink.","../../docs/guides/configuring-api-credentials.md"
"MARKDOWN_LINK_IN_OUTPUT_SOURCE","Warning","docs\build\AdministratorGuide-document-inventory.md","14","Generated documents must retain this label as text but remove the .md hyperlink.","../../docs/operations/README.md"
"MARKDOWN_LINK_IN_OUTPUT_SOURCE","Warning","docs\build\AdministratorGuide-document-inventory.md","15","Generated documents must retain this label as text but remove the .md hyperlink.","../../docs/operations/operations-runbook.md"
"MARKDOWN_LINK_IN_OUTPUT_SOURCE","Warning","docs\build\AdministratorGuide-document-inventory.md","16","Generated documents must retain this label as text but remove the .md hyperlink.","../../docs/operations/logging-and-pool.md"
"MARKDOWN_LINK_IN_OUTPUT_SOURCE","Warning","docs\build\AdministratorGuide-document-inventory.md","17","Generated documents must retain this label as text but remove the .md hyperlink.","../../docs/operations/monitoring-and-diagnostics.md"
"MARKDOWN_LINK_IN_OUTPUT_SOURCE","Warning","docs\build\AdministratorGuide-document-inventory.md","18","Generated documents must retain this label as text but remove the .md hyperlink.","../../docs/operations/backup-and-recovery.md"
"MARKDOWN_LINK_IN_OUTPUT_SOURCE","Warning","docs\build\AdministratorGuide-document-inventory.md","19","Generated documents must retain this label as text but remove the .md hyperlink.","../../docs/guides/database-troubleshooting.md"
"MARKDOWN_LINK_IN_OUTPUT_SOURCE","Warning","docs\build\AdministratorGuide-document-inventory.md","20","Generated documents must retain this label as text but remove the .md hyperlink.","../../docs/reference/command-line-reference.md"
"MARKDOWN_LINK_IN_OUTPUT_SOURCE","Warning","docs\build\AdministratorGuide-document-inventory.md","21","Generated documents must retain this label as text but remove the .md hyperlink.","../../docs/reference/configuration-reference.md"
"MARKDOWN_LINK_IN_OUTPUT_SOURCE","Warning","docs\build\AdministratorGuide-document-inventory.md","22","Generated documents must retain this label as text but remove the .md hyperlink.","../../docs/reference/database-configuration.md"
"MARKDOWN_LINK_IN_OUTPUT_SOURCE","Warning","docs\build\AdministratorGuide-document-inventory.md","23","Generated documents must retain this label as text but remove the .md hyperlink.","../../docs/reference/database-schema-reference.md"
"MARKDOWN_LINK_IN_OUTPUT_SOURCE","Warning","docs\build\AdministratorGuide-document-inventory.md","24","Generated documents must retain this label as text but remove the .md hyperlink.","../../docs/reference/ingestion-audit-reference.md"
"MARKDOWN_LINK_IN_OUTPUT_SOURCE","Warning","docs\build\AdministratorGuide-document-inventory.md","25","Generated documents must retain this label as text but remove the .md hyperlink.","../../docs/governance/README.md"
"MARKDOWN_LINK_IN_OUTPUT_SOURCE","Warning","docs\build\AdministratorGuide-document-inventory.md","26","Generated documents must retain this label as text but remove the .md hyperlink.","../../docs/governance/data-and-privacy-governance.md"
"MARKDOWN_LINK_IN_OUTPUT_SOURCE","Warning","docs\build\AdministratorGuide-document-inventory.md","27","Generated documents must retain this label as text but remove the .md hyperlink.","../../docs/governance/dependency-and-attribution-management.md"
"MARKDOWN_LINK_IN_OUTPUT_SOURCE","Warning","docs\build\AdministratorGuide-document-inventory.md","28","Generated documents must retain this label as text but remove the .md hyperlink.","../../docs/governance/release-compliance-checklist.md"
"MARKDOWN_LINK_IN_OUTPUT_SOURCE","Warning","docs\build\AdministratorGuide-document-inventory.md","29","Generated documents must retain this label as text but remove the .md hyperlink.","../../docs/release/Release-Process.md"
"MARKDOWN_LINK_IN_OUTPUT_SOURCE","Warning","docs\build\AdministratorGuide-document-inventory.md","30","Generated documents must retain this label as text but remove the .md hyperlink.","../../docs/release/Distribution-Contents.md"
"MARKDOWN_LINK_IN_OUTPUT_SOURCE","Warning","docs\build\AdministratorGuide-document-inventory.md","31","Generated documents must retain this label as text but remove the .md hyperlink.","../../docs/release/Final-Release-Checklist.md"
"MARKDOWN_LINK_IN_OUTPUT_SOURCE","Warning","docs\build\AdministratorGuide-document-inventory.md","32","Generated documents must retain this label as text but remove the .md hyperlink.","../../docs/review/RELEASE-READINESS-STATUS-2.0.0.md"
"MARKDOWN_LINK_IN_OUTPUT_SOURCE","Warning","docs\build\AdministratorGuide-document-inventory.md","33","Generated documents must retain this label as text but remove the .md hyperlink.","../../docs/release/Release-Evidence-Index.md"
"MARKDOWN_LINK_IN_OUTPUT_SOURCE","Warning","docs\build\AdministratorGuide-document-inventory.md","34","Generated documents must retain this label as text but remove the .md hyperlink.","../../docs/shared/glossary.md"
"MARKDOWN_LINK_IN_OUTPUT_SOURCE","Warning","docs\build\AdministratorGuide-document-inventory.md","35","Generated documents must retain this label as text but remove the .md hyperlink.","../../docs/shared/licence.md"
"MARKDOWN_LINK_IN_OUTPUT_SOURCE","Warning","docs\build\AdministratorGuide-document-inventory.md","36","Generated documents must retain this label as text but remove the .md hyperlink.","../../docs/shared/third-party-notices.md"
"MARKDOWN_LINK_IN_OUTPUT_SOURCE","Warning","docs\build\AdministratorGuide-document-inventory.md","37","Generated documents must retain this label as text but remove the .md hyperlink.","../../docs/shared/data-source-notices.md"
"MARKDOWN_LINK_IN_OUTPUT_SOURCE","Warning","docs\build\AdministratorGuide-document-inventory.md","38","Generated documents must retain this label as text but remove the .md hyperlink.","../../docs/shared/acknowledgements.md"
"MARKDOWN_LINK_IN_OUTPUT_SOURCE","Warning","docs\build\APIReference-document-inventory.md","7","Generated documents must retain this label as text but remove the .md hyperlink.","../../docs/shared/coverpage.md"
"MARKDOWN_LINK_IN_OUTPUT_SOURCE","Warning","docs\build\APIReference-document-inventory.md","8","Generated documents must retain this label as text but remove the .md hyperlink.","../../docs/shared/copyright.md"
"MARKDOWN_LINK_IN_OUTPUT_SOURCE","Warning","docs\build\APIReference-document-inventory.md","9","Generated documents must retain this label as text but remove the .md hyperlink.","../../docs/shared/revision-history.md"
"MARKDOWN_LINK_IN_OUTPUT_SOURCE","Warning","docs\build\APIReference-document-inventory.md","10","Generated documents must retain this label as text but remove the .md hyperlink.","../../docs/shared/introduction.md"
"MARKDOWN_LINK_IN_OUTPUT_SOURCE","Warning","docs\build\APIReference-document-inventory.md","11","Generated documents must retain this label as text but remove the .md hyperlink.","../../docs/reference/README.md"
"MARKDOWN_LINK_IN_OUTPUT_SOURCE","Warning","docs\build\APIReference-document-inventory.md","12","Generated documents must retain this label as text but remove the .md hyperlink.","../../docs/reference/command-line-reference.md"
"MARKDOWN_LINK_IN_OUTPUT_SOURCE","Warning","docs\build\APIReference-document-inventory.md","13","Generated documents must retain this label as text but remove the .md hyperlink.","../../docs/reference/configuration-reference.md"
"MARKDOWN_LINK_IN_OUTPUT_SOURCE","Warning","docs\build\APIReference-document-inventory.md","14","Generated documents must retain this label as text but remove the .md hyperlink.","../../docs/reference/database-configuration.md"
"MARKDOWN_LINK_IN_OUTPUT_SOURCE","Warning","docs\build\APIReference-document-inventory.md","15","Generated documents must retain this label as text but remove the .md hyperlink.","../../docs/reference/plugin-api-reference.md"
"MARKDOWN_LINK_IN_OUTPUT_SOURCE","Warning","docs\build\APIReference-document-inventory.md","16","Generated documents must retain this label as text but remove the .md hyperlink.","../../docs/reference/plugin-registry-reference.md"
"MARKDOWN_LINK_IN_OUTPUT_SOURCE","Warning","docs\build\APIReference-document-inventory.md","17","Generated documents must retain this label as text but remove the .md hyperlink.","../../docs/reference/plugin-properties-reference.md"
"MARKDOWN_LINK_IN_OUTPUT_SOURCE","Warning","docs\build\APIReference-document-inventory.md","18","Generated documents must retain this label as text but remove the .md hyperlink.","../../docs/reference/shared-validation-and-jdbc-reference.md"
"MARKDOWN_LINK_IN_OUTPUT_SOURCE","Warning","docs\build\APIReference-document-inventory.md","19","Generated documents must retain this label as text but remove the .md hyperlink.","../../docs/reference/download-and-discovery-reference.md"
"MARKDOWN_LINK_IN_OUTPUT_SOURCE","Warning","docs\build\APIReference-document-inventory.md","20","Generated documents must retain this label as text but remove the .md hyperlink.","../../docs/reference/supported-data-formats.md"
"MARKDOWN_LINK_IN_OUTPUT_SOURCE","Warning","docs\build\APIReference-document-inventory.md","21","Generated documents must retain this label as text but remove the .md hyperlink.","../../docs/reference/csv-parsing.md"
"MARKDOWN_LINK_IN_OUTPUT_SOURCE","Warning","docs\build\APIReference-document-inventory.md","22","Generated documents must retain this label as text but remove the .md hyperlink.","../../docs/reference/json-parsing.md"
"MARKDOWN_LINK_IN_OUTPUT_SOURCE","Warning","docs\build\APIReference-document-inventory.md","23","Generated documents must retain this label as text but remove the .md hyperlink.","../../docs/reference/excel-parsing.md"
"MARKDOWN_LINK_IN_OUTPUT_SOURCE","Warning","docs\build\APIReference-document-inventory.md","24","Generated documents must retain this label as text but remove the .md hyperlink.","../../docs/reference/html-link-discovery.md"
"MARKDOWN_LINK_IN_OUTPUT_SOURCE","Warning","docs\build\APIReference-document-inventory.md","25","Generated documents must retain this label as text but remove the .md hyperlink.","../../docs/reference/database-schema-reference.md"
"MARKDOWN_LINK_IN_OUTPUT_SOURCE","Warning","docs\build\APIReference-document-inventory.md","26","Generated documents must retain this label as text but remove the .md hyperlink.","../../docs/reference/ingestion-audit-reference.md"
"MARKDOWN_LINK_IN_OUTPUT_SOURCE","Warning","docs\build\APIReference-document-inventory.md","27","Generated documents must retain this label as text but remove the .md hyperlink.","../../docs/reference/ofgem-plugin.md"
"MARKDOWN_LINK_IN_OUTPUT_SOURCE","Warning","docs\build\APIReference-document-inventory.md","28","Generated documents must retain this label as text but remove the .md hyperlink.","../../docs/reference/ofgem-plugin-configuration.md"
"MARKDOWN_LINK_IN_OUTPUT_SOURCE","Warning","docs\build\APIReference-document-inventory.md","29","Generated documents must retain this label as text but remove the .md hyperlink.","../../docs/reference/ofgem-price-cap-data-dictionary.md"
"MARKDOWN_LINK_IN_OUTPUT_SOURCE","Warning","docs\build\APIReference-document-inventory.md","30","Generated documents must retain this label as text but remove the .md hyperlink.","../../docs/reference/openmeteo-plugin.md"
"MARKDOWN_LINK_IN_OUTPUT_SOURCE","Warning","docs\build\APIReference-document-inventory.md","31","Generated documents must retain this label as text but remove the .md hyperlink.","../../docs/reference/openmeteo-schema.md"
"MARKDOWN_LINK_IN_OUTPUT_SOURCE","Warning","docs\build\APIReference-document-inventory.md","32","Generated documents must retain this label as text but remove the .md hyperlink.","../../docs/reference/octopus-plugin.md"
"MARKDOWN_LINK_IN_OUTPUT_SOURCE","Warning","docs\build\APIReference-document-inventory.md","33","Generated documents must retain this label as text but remove the .md hyperlink.","../../docs/reference/octopus-schema.md"
"MARKDOWN_LINK_IN_OUTPUT_SOURCE","Warning","docs\build\APIReference-document-inventory.md","34","Generated documents must retain this label as text but remove the .md hyperlink.","../../docs/plugins/README.md"
"MARKDOWN_LINK_IN_OUTPUT_SOURCE","Warning","docs\build\APIReference-document-inventory.md","35","Generated documents must retain this label as text but remove the .md hyperlink.","../../docs/plugins/ofgem/README.md"
"MARKDOWN_LINK_IN_OUTPUT_SOURCE","Warning","docs\build\APIReference-document-inventory.md","36","Generated documents must retain this label as text but remove the .md hyperlink.","../../docs/plugins/ofgem/data-model.md"
"MARKDOWN_LINK_IN_OUTPUT_SOURCE","Warning","docs\build\APIReference-document-inventory.md","37","Generated documents must retain this label as text but remove the .md hyperlink.","../../docs/plugins/ofgem/workbook-mapping.md"
"MARKDOWN_LINK_IN_OUTPUT_SOURCE","Warning","docs\build\APIReference-document-inventory.md","38","Generated documents must retain this label as text but remove the .md hyperlink.","../../docs/plugins/openmeteo/README.md"
"MARKDOWN_LINK_IN_OUTPUT_SOURCE","Warning","docs\build\APIReference-document-inventory.md","39","Generated documents must retain this label as text but remove the .md hyperlink.","../../docs/plugins/octopus/README.md"
"MARKDOWN_LINK_IN_OUTPUT_SOURCE","Warning","docs\build\APIReference-document-inventory.md","40","Generated documents must retain this label as text but remove the .md hyperlink.","../../docs/governance/README.md"
"MARKDOWN_LINK_IN_OUTPUT_SOURCE","Warning","docs\build\APIReference-document-inventory.md","41","Generated documents must retain this label as text but remove the .md hyperlink.","../../docs/governance/data-and-privacy-governance.md"
"MARKDOWN_LINK_IN_OUTPUT_SOURCE","Warning","docs\build\APIReference-document-inventory.md","42","Generated documents must retain this label as text but remove the .md hyperlink.","../../docs/governance/dependency-and-attribution-management.md"
"MARKDOWN_LINK_IN_OUTPUT_SOURCE","Warning","docs\build\APIReference-document-inventory.md","43","Generated documents must retain this label as text but remove the .md hyperlink.","../../docs/governance/release-compliance-checklist.md"
"MARKDOWN_LINK_IN_OUTPUT_SOURCE","Warning","docs\build\APIReference-document-inventory.md","44","Generated documents must retain this label as text but remove the .md hyperlink.","../../docs/shared/glossary.md"
"MARKDOWN_LINK_IN_OUTPUT_SOURCE","Warning","docs\build\APIReference-document-inventory.md","45","Generated documents must retain this label as text but remove the .md hyperlink.","../../docs/shared/licence.md"
"MARKDOWN_LINK_IN_OUTPUT_SOURCE","Warning","docs\build\APIReference-document-inventory.md","46","Generated documents must retain this label as text but remove the .md hyperlink.","../../docs/shared/third-party-notices.md"
"MARKDOWN_LINK_IN_OUTPUT_SOURCE","Warning","docs\build\APIReference-document-inventory.md","47","Generated documents must retain this label as text but remove the .md hyperlink.","../../docs/shared/data-source-notices.md"
"MARKDOWN_LINK_IN_OUTPUT_SOURCE","Warning","docs\build\APIReference-document-inventory.md","48","Generated documents must retain this label as text but remove the .md hyperlink.","../../docs/shared/acknowledgements.md"
"MARKDOWN_LINK_IN_OUTPUT_SOURCE","Warning","docs\build\DeveloperGuide-document-inventory.md","7","Generated documents must retain this label as text but remove the .md hyperlink.","../../docs/shared/coverpage.md"
"MARKDOWN_LINK_IN_OUTPUT_SOURCE","Warning","docs\build\DeveloperGuide-document-inventory.md","8","Generated documents must retain this label as text but remove the .md hyperlink.","../../docs/shared/copyright.md"
"MARKDOWN_LINK_IN_OUTPUT_SOURCE","Warning","docs\build\DeveloperGuide-document-inventory.md","9","Generated documents must retain this label as text but remove the .md hyperlink.","../../docs/shared/revision-history.md"
"MARKDOWN_LINK_IN_OUTPUT_SOURCE","Warning","docs\build\DeveloperGuide-document-inventory.md","10","Generated documents must retain this label as text but remove the .md hyperlink.","../../docs/shared/introduction.md"
"MARKDOWN_LINK_IN_OUTPUT_SOURCE","Warning","docs\build\DeveloperGuide-document-inventory.md","11","Generated documents must retain this label as text but remove the .md hyperlink.","../../docs/development/README.md"
"MARKDOWN_LINK_IN_OUTPUT_SOURCE","Warning","docs\build\DeveloperGuide-document-inventory.md","12","Generated documents must retain this label as text but remove the .md hyperlink.","../../docs/development/repository-structure.md"
"MARKDOWN_LINK_IN_OUTPUT_SOURCE","Warning","docs\build\DeveloperGuide-document-inventory.md","13","Generated documents must retain this label as text but remove the .md hyperlink.","../../docs/development/local-build-test-run.md"
"MARKDOWN_LINK_IN_OUTPUT_SOURCE","Warning","docs\build\DeveloperGuide-document-inventory.md","14","Generated documents must retain this label as text but remove the .md hyperlink.","../../docs/development/Java-Quality-Guide.md"
"MARKDOWN_LINK_IN_OUTPUT_SOURCE","Warning","docs\build\DeveloperGuide-document-inventory.md","15","Generated documents must retain this label as text but remove the .md hyperlink.","../../docs/development/dependency-management.md"
"MARKDOWN_LINK_IN_OUTPUT_SOURCE","Warning","docs\build\DeveloperGuide-document-inventory.md","16","Generated documents must retain this label as text but remove the .md hyperlink.","../../docs/development/Build-CI-and-Release-Guide.md"
"MARKDOWN_LINK_IN_OUTPUT_SOURCE","Warning","docs\build\DeveloperGuide-document-inventory.md","17","Generated documents must retain this label as text but remove the .md hyperlink.","../../docs/development/release-and-versioning.md"
"MARKDOWN_LINK_IN_OUTPUT_SOURCE","Warning","docs\build\DeveloperGuide-document-inventory.md","18","Generated documents must retain this label as text but remove the .md hyperlink.","../../docs/standards/README.md"
"MARKDOWN_LINK_IN_OUTPUT_SOURCE","Warning","docs\build\DeveloperGuide-document-inventory.md","19","Generated documents must retain this label as text but remove the .md hyperlink.","../../docs/standards/coding-standard.md"
"MARKDOWN_LINK_IN_OUTPUT_SOURCE","Warning","docs\build\DeveloperGuide-document-inventory.md","20","Generated documents must retain this label as text but remove the .md hyperlink.","../../docs/standards/testing-standard.md"
"MARKDOWN_LINK_IN_OUTPUT_SOURCE","Warning","docs\build\DeveloperGuide-document-inventory.md","21","Generated documents must retain this label as text but remove the .md hyperlink.","../../docs/standards/security-standard.md"
"MARKDOWN_LINK_IN_OUTPUT_SOURCE","Warning","docs\build\DeveloperGuide-document-inventory.md","22","Generated documents must retain this label as text but remove the .md hyperlink.","../../docs/standards/plugin-package-architecture.md"
"MARKDOWN_LINK_IN_OUTPUT_SOURCE","Warning","docs\build\DeveloperGuide-document-inventory.md","23","Generated documents must retain this label as text but remove the .md hyperlink.","../../docs/standards/documentation-standard.md"
"MARKDOWN_LINK_IN_OUTPUT_SOURCE","Warning","docs\build\DeveloperGuide-document-inventory.md","24","Generated documents must retain this label as text but remove the .md hyperlink.","../../docs/guides/adding-a-plugin.md"
"MARKDOWN_LINK_IN_OUTPUT_SOURCE","Warning","docs\build\DeveloperGuide-document-inventory.md","25","Generated documents must retain this label as text but remove the .md hyperlink.","../../docs/reference/shared-validation-and-jdbc-reference.md"
"MARKDOWN_LINK_IN_OUTPUT_SOURCE","Warning","docs\build\DeveloperGuide-document-inventory.md","26","Generated documents must retain this label as text but remove the .md hyperlink.","../../docs/guides/adding-a-csv-plugin.md"
"MARKDOWN_LINK_IN_OUTPUT_SOURCE","Warning","docs\build\DeveloperGuide-document-inventory.md","27","Generated documents must retain this label as text but remove the .md hyperlink.","../../docs/guides/adding-a-json-plugin.md"
"MARKDOWN_LINK_IN_OUTPUT_SOURCE","Warning","docs\build\DeveloperGuide-document-inventory.md","28","Generated documents must retain this label as text but remove the .md hyperlink.","../../docs/guides/adding-an-excel-plugin.md"
"MARKDOWN_LINK_IN_OUTPUT_SOURCE","Warning","docs\build\DeveloperGuide-document-inventory.md","29","Generated documents must retain this label as text but remove the .md hyperlink.","../../docs/guides/adding-html-link-discovery.md"
"MARKDOWN_LINK_IN_OUTPUT_SOURCE","Warning","docs\build\DeveloperGuide-document-inventory.md","30","Generated documents must retain this label as text but remove the .md hyperlink.","../../docs/guides/configuring-api-credentials.md"
"MARKDOWN_LINK_IN_OUTPUT_SOURCE","Warning","docs\build\DeveloperGuide-document-inventory.md","31","Generated documents must retain this label as text but remove the .md hyperlink.","../../docs/guides/plugin-contract-migration.md"
"MARKDOWN_LINK_IN_OUTPUT_SOURCE","Warning","docs\build\DeveloperGuide-document-inventory.md","32","Generated documents must retain this label as text but remove the .md hyperlink.","../../docs/architecture/004-package-structure.md"
"MARKDOWN_LINK_IN_OUTPUT_SOURCE","Warning","docs\build\DeveloperGuide-document-inventory.md","33","Generated documents must retain this label as text but remove the .md hyperlink.","../../docs/architecture/005-dependency-rules.md"
"MARKDOWN_LINK_IN_OUTPUT_SOURCE","Warning","docs\build\DeveloperGuide-document-inventory.md","34","Generated documents must retain this label as text but remove the .md hyperlink.","../../docs/architecture/007-plugin-architecture.md"
"MARKDOWN_LINK_IN_OUTPUT_SOURCE","Warning","docs\build\DeveloperGuide-document-inventory.md","35","Generated documents must retain this label as text but remove the .md hyperlink.","../../docs/architecture/008-pipeline-engine.md"
"MARKDOWN_LINK_IN_OUTPUT_SOURCE","Warning","docs\build\DeveloperGuide-document-inventory.md","36","Generated documents must retain this label as text but remove the .md hyperlink.","../../docs/architecture/021-ofgem-price-cap-architecture.md"
"MARKDOWN_LINK_IN_OUTPUT_SOURCE","Warning","docs\build\DeveloperGuide-document-inventory.md","37","Generated documents must retain this label as text but remove the .md hyperlink.","../../docs/architecture/026-openmeteo-historical-weather-architecture.md"
"MARKDOWN_LINK_IN_OUTPUT_SOURCE","Warning","docs\build\DeveloperGuide-document-inventory.md","38","Generated documents must retain this label as text but remove the .md hyperlink.","../../docs/architecture/027-octopus-energy-statement-architecture.md"
"MARKDOWN_LINK_IN_OUTPUT_SOURCE","Warning","docs\build\DeveloperGuide-document-inventory.md","39","Generated documents must retain this label as text but remove the .md hyperlink.","../../docs/architecture/028-shared-validation-and-jdbc-infrastructure.md"
"MARKDOWN_LINK_IN_OUTPUT_SOURCE","Warning","docs\build\DeveloperGuide-document-inventory.md","40","Generated documents must retain this label as text but remove the .md hyperlink.","../../docs/architecture/018-testing-and-quality.md"
"MARKDOWN_LINK_IN_OUTPUT_SOURCE","Warning","docs\build\DeveloperGuide-document-inventory.md","41","Generated documents must retain this label as text but remove the .md hyperlink.","../../docs/architecture/024-architecture-traceability.md"
"MARKDOWN_LINK_IN_OUTPUT_SOURCE","Warning","docs\build\DeveloperGuide-document-inventory.md","42","Generated documents must retain this label as text but remove the .md hyperlink.","../../docs/architecture/CURRENT-CODE-INVENTORY.md"
"MARKDOWN_LINK_IN_OUTPUT_SOURCE","Warning","docs\build\DeveloperGuide-document-inventory.md","43","Generated documents must retain this label as text but remove the .md hyperlink.","../../docs/decisions/README.md"
"MARKDOWN_LINK_IN_OUTPUT_SOURCE","Warning","docs\build\DeveloperGuide-document-inventory.md","44","Generated documents must retain this label as text but remove the .md hyperlink.","../../docs/decisions/ADR-REGISTER.md"
"MARKDOWN_LINK_IN_OUTPUT_SOURCE","Warning","docs\build\DeveloperGuide-document-inventory.md","45","Generated documents must retain this label as text but remove the .md hyperlink.","../../docs/governance/README.md"
"MARKDOWN_LINK_IN_OUTPUT_SOURCE","Warning","docs\build\DeveloperGuide-document-inventory.md","46","Generated documents must retain this label as text but remove the .md hyperlink.","../../docs/governance/data-and-privacy-governance.md"
"MARKDOWN_LINK_IN_OUTPUT_SOURCE","Warning","docs\build\DeveloperGuide-document-inventory.md","47","Generated documents must retain this label as text but remove the .md hyperlink.","../../docs/governance/dependency-and-attribution-management.md"
"MARKDOWN_LINK_IN_OUTPUT_SOURCE","Warning","docs\build\DeveloperGuide-document-inventory.md","48","Generated documents must retain this label as text but remove the .md hyperlink.","../../docs/governance/release-compliance-checklist.md"
"MARKDOWN_LINK_IN_OUTPUT_SOURCE","Warning","docs\build\DeveloperGuide-document-inventory.md","49","Generated documents must retain this label as text but remove the .md hyperlink.","../../docs/release/Release-Process.md"
"MARKDOWN_LINK_IN_OUTPUT_SOURCE","Warning","docs\build\DeveloperGuide-document-inventory.md","50","Generated documents must retain this label as text but remove the .md hyperlink.","../../docs/release/Distribution-Contents.md"
"MARKDOWN_LINK_IN_OUTPUT_SOURCE","Warning","docs\build\DeveloperGuide-document-inventory.md","51","Generated documents must retain this label as text but remove the .md hyperlink.","../../docs/release/Final-Release-Checklist.md"
"MARKDOWN_LINK_IN_OUTPUT_SOURCE","Warning","docs\build\DeveloperGuide-document-inventory.md","52","Generated documents must retain this label as text but remove the .md hyperlink.","../../docs/review/RELEASE-READINESS-STATUS-2.0.0.md"
"MARKDOWN_LINK_IN_OUTPUT_SOURCE","Warning","docs\build\DeveloperGuide-document-inventory.md","53","Generated documents must retain this label as text but remove the .md hyperlink.","../../docs/review/FINAL-DOCUMENTATION-AUDIT-2026-08-04.md"
"MARKDOWN_LINK_IN_OUTPUT_SOURCE","Warning","docs\build\DeveloperGuide-document-inventory.md","54","Generated documents must retain this label as text but remove the .md hyperlink.","../../docs/release/Release-Evidence-Index.md"
"MARKDOWN_LINK_IN_OUTPUT_SOURCE","Warning","docs\build\DeveloperGuide-document-inventory.md","55","Generated documents must retain this label as text but remove the .md hyperlink.","../../docs/shared/glossary.md"
"MARKDOWN_LINK_IN_OUTPUT_SOURCE","Warning","docs\build\DeveloperGuide-document-inventory.md","56","Generated documents must retain this label as text but remove the .md hyperlink.","../../docs/shared/licence.md"
"MARKDOWN_LINK_IN_OUTPUT_SOURCE","Warning","docs\build\DeveloperGuide-document-inventory.md","57","Generated documents must retain this label as text but remove the .md hyperlink.","../../docs/shared/third-party-notices.md"
"MARKDOWN_LINK_IN_OUTPUT_SOURCE","Warning","docs\build\DeveloperGuide-document-inventory.md","58","Generated documents must retain this label as text but remove the .md hyperlink.","../../docs/shared/data-source-notices.md"
"MARKDOWN_LINK_IN_OUTPUT_SOURCE","Warning","docs\build\DeveloperGuide-document-inventory.md","59","Generated documents must retain this label as text but remove the .md hyperlink.","../../docs/shared/acknowledgements.md"
"MARKDOWN_LINK_IN_OUTPUT_SOURCE","Warning","docs\build\OpenData-Administrator-Guide.md","153","Generated documents must retain this label as text but remove the .md hyperlink.","operations-runbook.md"
"MARKDOWN_LINK_IN_OUTPUT_SOURCE","Warning","docs\build\OpenData-Administrator-Guide.md","154","Generated documents must retain this label as text but remove the .md hyperlink.","monitoring-and-diagnostics.md"
"MARKDOWN_LINK_IN_OUTPUT_SOURCE","Warning","docs\build\OpenData-Administrator-Guide.md","155","Generated documents must retain this label as text but remove the .md hyperlink.","backup-and-recovery.md"
"MARKDOWN_LINK_IN_OUTPUT_SOURCE","Warning","docs\build\OpenData-Administrator-Guide.md","156","Generated documents must retain this label as text but remove the .md hyperlink.","logging-and-pool.md"
"MARKDOWN_LINK_IN_OUTPUT_SOURCE","Warning","docs\build\OpenData-Administrator-Guide.md","157","Generated documents must retain this label as text but remove the .md hyperlink.","../guides/database-troubleshooting.md"
"MARKDOWN_LINK_IN_OUTPUT_SOURCE","Warning","docs\build\OpenData-Administrator-Guide.md","642","Generated documents must retain this label as text but remove the .md hyperlink.","plugin-properties-reference.md"
"MARKDOWN_LINK_IN_OUTPUT_SOURCE","Warning","docs\build\OpenData-Administrator-Guide.md","643","Generated documents must retain this label as text but remove the .md hyperlink.","plugin-registry-reference.md"
"MARKDOWN_LINK_IN_OUTPUT_SOURCE","Warning","docs\build\OpenData-Administrator-Guide.md","774","Generated documents must retain this label as text but remove the .md hyperlink.","ofgem-price-cap-data-dictionary.md"
"MARKDOWN_LINK_IN_OUTPUT_SOURCE","Warning","docs\build\OpenData-Administrator-Guide.md","827","Generated documents must retain this label as text but remove the .md hyperlink.","data-and-privacy-governance.md"
"MARKDOWN_LINK_IN_OUTPUT_SOURCE","Warning","docs\build\OpenData-Administrator-Guide.md","828","Generated documents must retain this label as text but remove the .md hyperlink.","dependency-and-attribution-management.md"
"MARKDOWN_LINK_IN_OUTPUT_SOURCE","Warning","docs\build\OpenData-Administrator-Guide.md","829","Generated documents must retain this label as text but remove the .md hyperlink.","release-compliance-checklist.md"
"MARKDOWN_LINK_IN_OUTPUT_SOURCE","Warning","docs\build\OpenData-Administrator-Guide.md","830","Generated documents must retain this label as text but remove the .md hyperlink.","../Licensing-Policy.md"
"MARKDOWN_LINK_IN_OUTPUT_SOURCE","Warning","docs\build\OpenData-Administrator-Guide.md","831","Generated documents must retain this label as text but remove the .md hyperlink.","../../SECURITY.md"
"MARKDOWN_LINK_IN_OUTPUT_SOURCE","Warning","docs\build\OpenData-Administrator-Guide.md","832","Generated documents must retain this label as text but remove the .md hyperlink.","../../THIRD-PARTY-NOTICES.md"
"MARKDOWN_LINK_IN_OUTPUT_SOURCE","Warning","docs\build\OpenData-Administrator-Guide.md","833","Generated documents must retain this label as text but remove the .md hyperlink.","../../DATA-SOURCE-NOTICES.md"
"MARKDOWN_LINK_IN_OUTPUT_SOURCE","Warning","docs\build\OpenData-Administrator-Guide.md","1018","Generated documents must retain this label as text but remove the .md hyperlink.","Release-Evidence-Index.md"
"MARKDOWN_LINK_IN_OUTPUT_SOURCE","Warning","docs\build\OpenData-API-Reference.md","60","Generated documents must retain this label as text but remove the .md hyperlink.","command-line-reference.md"
"MARKDOWN_LINK_IN_OUTPUT_SOURCE","Warning","docs\build\OpenData-API-Reference.md","61","Generated documents must retain this label as text but remove the .md hyperlink.","configuration-reference.md"
"MARKDOWN_LINK_IN_OUTPUT_SOURCE","Warning","docs\build\OpenData-API-Reference.md","62","Generated documents must retain this label as text but remove the .md hyperlink.","database-configuration.md"
"MARKDOWN_LINK_IN_OUTPUT_SOURCE","Warning","docs\build\OpenData-API-Reference.md","63","Generated documents must retain this label as text but remove the .md hyperlink.","plugin-api-reference.md"
"MARKDOWN_LINK_IN_OUTPUT_SOURCE","Warning","docs\build\OpenData-API-Reference.md","64","Generated documents must retain this label as text but remove the .md hyperlink.","plugin-registry-reference.md"
"MARKDOWN_LINK_IN_OUTPUT_SOURCE","Warning","docs\build\OpenData-API-Reference.md","65","Generated documents must retain this label as text but remove the .md hyperlink.","plugin-properties-reference.md"
"MARKDOWN_LINK_IN_OUTPUT_SOURCE","Warning","docs\build\OpenData-API-Reference.md","66","Generated documents must retain this label as text but remove the .md hyperlink.","shared-validation-and-jdbc-reference.md"
"MARKDOWN_LINK_IN_OUTPUT_SOURCE","Warning","docs\build\OpenData-API-Reference.md","70","Generated documents must retain this label as text but remove the .md hyperlink.","database-schema-reference.md"
"MARKDOWN_LINK_IN_OUTPUT_SOURCE","Warning","docs\build\OpenData-API-Reference.md","71","Generated documents must retain this label as text but remove the .md hyperlink.","ingestion-audit-reference.md"
"MARKDOWN_LINK_IN_OUTPUT_SOURCE","Warning","docs\build\OpenData-API-Reference.md","72","Generated documents must retain this label as text but remove the .md hyperlink.","ofgem-price-cap-data-dictionary.md"
"MARKDOWN_LINK_IN_OUTPUT_SOURCE","Warning","docs\build\OpenData-API-Reference.md","73","Generated documents must retain this label as text but remove the .md hyperlink.","openmeteo-schema.md"
"MARKDOWN_LINK_IN_OUTPUT_SOURCE","Warning","docs\build\OpenData-API-Reference.md","74","Generated documents must retain this label as text but remove the .md hyperlink.","octopus-schema.md"
"MARKDOWN_LINK_IN_OUTPUT_SOURCE","Warning","docs\build\OpenData-API-Reference.md","78","Generated documents must retain this label as text but remove the .md hyperlink.","ofgem-plugin.md"
"MARKDOWN_LINK_IN_OUTPUT_SOURCE","Warning","docs\build\OpenData-API-Reference.md","79","Generated documents must retain this label as text but remove the .md hyperlink.","openmeteo-plugin.md"
"MARKDOWN_LINK_IN_OUTPUT_SOURCE","Warning","docs\build\OpenData-API-Reference.md","80","Generated documents must retain this label as text but remove the .md hyperlink.","octopus-plugin.md"
"MARKDOWN_LINK_IN_OUTPUT_SOURCE","Warning","docs\build\OpenData-API-Reference.md","81","Generated documents must retain this label as text but remove the .md hyperlink.","supported-data-formats.md"
"MARKDOWN_LINK_IN_OUTPUT_SOURCE","Warning","docs\build\OpenData-API-Reference.md","82","Generated documents must retain this label as text but remove the .md hyperlink.","download-and-discovery-reference.md"
"MARKDOWN_LINK_IN_OUTPUT_SOURCE","Warning","docs\build\OpenData-API-Reference.md","83","Generated documents must retain this label as text but remove the .md hyperlink.","csv-parsing.md"
"MARKDOWN_LINK_IN_OUTPUT_SOURCE","Warning","docs\build\OpenData-API-Reference.md","84","Generated documents must retain this label as text but remove the .md hyperlink.","json-parsing.md"
"MARKDOWN_LINK_IN_OUTPUT_SOURCE","Warning","docs\build\OpenData-API-Reference.md","85","Generated documents must retain this label as text but remove the .md hyperlink.","excel-parsing.md"
"MARKDOWN_LINK_IN_OUTPUT_SOURCE","Warning","docs\build\OpenData-API-Reference.md","86","Generated documents must retain this label as text but remove the .md hyperlink.","html-link-discovery.md"
"MARKDOWN_LINK_IN_OUTPUT_SOURCE","Warning","docs\build\OpenData-API-Reference.md","384","Generated documents must retain this label as text but remove the .md hyperlink.","plugin-properties-reference.md"
"MARKDOWN_LINK_IN_OUTPUT_SOURCE","Warning","docs\build\OpenData-API-Reference.md","385","Generated documents must retain this label as text but remove the .md hyperlink.","plugin-registry-reference.md"
"MARKDOWN_LINK_IN_OUTPUT_SOURCE","Warning","docs\build\OpenData-API-Reference.md","689","Generated documents must retain this label as text but remove the .md hyperlink.","supported-data-formats.md"
"MARKDOWN_LINK_IN_OUTPUT_SOURCE","Warning","docs\build\OpenData-API-Reference.md","743","Generated documents must retain this label as text but remove the .md hyperlink.","shared-validation-and-jdbc-reference.md"
"MARKDOWN_LINK_IN_OUTPUT_SOURCE","Warning","docs\build\OpenData-API-Reference.md","1179","Generated documents must retain this label as text but remove the .md hyperlink.","ofgem-price-cap-data-dictionary.md"
"MARKDOWN_LINK_IN_OUTPUT_SOURCE","Warning","docs\build\OpenData-API-Reference.md","1520","Generated documents must retain this label as text but remove the .md hyperlink.","ofgem/README.md"
"MARKDOWN_LINK_IN_OUTPUT_SOURCE","Warning","docs\build\OpenData-API-Reference.md","1521","Generated documents must retain this label as text but remove the .md hyperlink.","openmeteo/README.md"
"MARKDOWN_LINK_IN_OUTPUT_SOURCE","Warning","docs\build\OpenData-API-Reference.md","1522","Generated documents must retain this label as text but remove the .md hyperlink.","octopus/README.md"
"MARKDOWN_LINK_IN_OUTPUT_SOURCE","Warning","docs\build\OpenData-API-Reference.md","1554","Generated documents must retain this label as text but remove the .md hyperlink.","../examples/example-plugin/README.md"
"MARKDOWN_LINK_IN_OUTPUT_SOURCE","Warning","docs\build\OpenData-API-Reference.md","1612","Generated documents must retain this label as text but remove the .md hyperlink.","../../architecture/021-ofgem-price-cap-architecture.md"
"MARKDOWN_LINK_IN_OUTPUT_SOURCE","Warning","docs\build\OpenData-API-Reference.md","1613","Generated documents must retain this label as text but remove the .md hyperlink.","workbook-mapping.md"
"MARKDOWN_LINK_IN_OUTPUT_SOURCE","Warning","docs\build\OpenData-API-Reference.md","1614","Generated documents must retain this label as text but remove the .md hyperlink.","data-model.md"
"MARKDOWN_LINK_IN_OUTPUT_SOURCE","Warning","docs\build\OpenData-API-Reference.md","1615","Generated documents must retain this label as text but remove the .md hyperlink.","../../reference/ofgem-plugin-configuration.md"
"MARKDOWN_LINK_IN_OUTPUT_SOURCE","Warning","docs\build\OpenData-API-Reference.md","1616","Generated documents must retain this label as text but remove the .md hyperlink.","../../reference/ofgem-plugin.md"
"MARKDOWN_LINK_IN_OUTPUT_SOURCE","Warning","docs\build\OpenData-API-Reference.md","1617","Generated documents must retain this label as text but remove the .md hyperlink.","../../reference/ofgem-price-cap-data-dictionary.md"
"MARKDOWN_LINK_IN_OUTPUT_SOURCE","Warning","docs\build\OpenData-API-Reference.md","1756","Generated documents must retain this label as text but remove the .md hyperlink.","../../architecture/026-openmeteo-historical-weather-architecture.md"
"MARKDOWN_LINK_IN_OUTPUT_SOURCE","Warning","docs\build\OpenData-API-Reference.md","1757","Generated documents must retain this label as text but remove the .md hyperlink.","../../reference/openmeteo-plugin.md"
"MARKDOWN_LINK_IN_OUTPUT_SOURCE","Warning","docs\build\OpenData-API-Reference.md","1758","Generated documents must retain this label as text but remove the .md hyperlink.","../../reference/openmeteo-schema.md"
"MARKDOWN_LINK_IN_OUTPUT_SOURCE","Warning","docs\build\OpenData-API-Reference.md","1808","Generated documents must retain this label as text but remove the .md hyperlink.","../../architecture/027-octopus-energy-statement-architecture.md"
"MARKDOWN_LINK_IN_OUTPUT_SOURCE","Warning","docs\build\OpenData-API-Reference.md","1809","Generated documents must retain this label as text but remove the .md hyperlink.","../../reference/octopus-plugin.md"
"MARKDOWN_LINK_IN_OUTPUT_SOURCE","Warning","docs\build\OpenData-API-Reference.md","1810","Generated documents must retain this label as text but remove the .md hyperlink.","../../reference/octopus-schema.md"
"MARKDOWN_LINK_IN_OUTPUT_SOURCE","Warning","docs\build\OpenData-API-Reference.md","1819","Generated documents must retain this label as text but remove the .md hyperlink.","data-and-privacy-governance.md"
"MARKDOWN_LINK_IN_OUTPUT_SOURCE","Warning","docs\build\OpenData-API-Reference.md","1820","Generated documents must retain this label as text but remove the .md hyperlink.","dependency-and-attribution-management.md"
"MARKDOWN_LINK_IN_OUTPUT_SOURCE","Warning","docs\build\OpenData-API-Reference.md","1821","Generated documents must retain this label as text but remove the .md hyperlink.","release-compliance-checklist.md"
"MARKDOWN_LINK_IN_OUTPUT_SOURCE","Warning","docs\build\OpenData-API-Reference.md","1822","Generated documents must retain this label as text but remove the .md hyperlink.","../Licensing-Policy.md"
"MARKDOWN_LINK_IN_OUTPUT_SOURCE","Warning","docs\build\OpenData-API-Reference.md","1823","Generated documents must retain this label as text but remove the .md hyperlink.","../../SECURITY.md"
"MARKDOWN_LINK_IN_OUTPUT_SOURCE","Warning","docs\build\OpenData-API-Reference.md","1824","Generated documents must retain this label as text but remove the .md hyperlink.","../../THIRD-PARTY-NOTICES.md"
"MARKDOWN_LINK_IN_OUTPUT_SOURCE","Warning","docs\build\OpenData-API-Reference.md","1825","Generated documents must retain this label as text but remove the .md hyperlink.","../../DATA-SOURCE-NOTICES.md"
"MARKDOWN_LINK_IN_OUTPUT_SOURCE","Warning","docs\build\OpenData-Developer-Guide.md","60","Generated documents must retain this label as text but remove the .md hyperlink.","repository-structure.md"
"MARKDOWN_LINK_IN_OUTPUT_SOURCE","Warning","docs\build\OpenData-Developer-Guide.md","61","Generated documents must retain this label as text but remove the .md hyperlink.","local-build-test-run.md"
"MARKDOWN_LINK_IN_OUTPUT_SOURCE","Warning","docs\build\OpenData-Developer-Guide.md","62","Generated documents must retain this label as text but remove the .md hyperlink.","Java-Quality-Guide.md"
"MARKDOWN_LINK_IN_OUTPUT_SOURCE","Warning","docs\build\OpenData-Developer-Guide.md","63","Generated documents must retain this label as text but remove the .md hyperlink.","dependency-management.md"
"MARKDOWN_LINK_IN_OUTPUT_SOURCE","Warning","docs\build\OpenData-Developer-Guide.md","64","Generated documents must retain this label as text but remove the .md hyperlink.","Build-CI-and-Release-Guide.md"
"MARKDOWN_LINK_IN_OUTPUT_SOURCE","Warning","docs\build\OpenData-Developer-Guide.md","65","Generated documents must retain this label as text but remove the .md hyperlink.","release-and-versioning.md"
"MARKDOWN_LINK_IN_OUTPUT_SOURCE","Warning","docs\build\OpenData-Developer-Guide.md","69","Generated documents must retain this label as text but remove the .md hyperlink.","../guides/adding-a-plugin.md"
"MARKDOWN_LINK_IN_OUTPUT_SOURCE","Warning","docs\build\OpenData-Developer-Guide.md","70","Generated documents must retain this label as text but remove the .md hyperlink.","../reference/shared-validation-and-jdbc-reference.md"
"MARKDOWN_LINK_IN_OUTPUT_SOURCE","Warning","docs\build\OpenData-Developer-Guide.md","71","Generated documents must retain this label as text but remove the .md hyperlink.","../architecture/028-shared-validation-and-jdbc-infrastructure.md"
"MARKDOWN_LINK_IN_OUTPUT_SOURCE","Warning","docs\build\OpenData-Developer-Guide.md","72","Generated documents must retain this label as text but remove the .md hyperlink.","../guides/adding-a-csv-plugin.md"
"MARKDOWN_LINK_IN_OUTPUT_SOURCE","Warning","docs\build\OpenData-Developer-Guide.md","73","Generated documents must retain this label as text but remove the .md hyperlink.","../guides/adding-a-json-plugin.md"
"MARKDOWN_LINK_IN_OUTPUT_SOURCE","Warning","docs\build\OpenData-Developer-Guide.md","74","Generated documents must retain this label as text but remove the .md hyperlink.","../guides/adding-an-excel-plugin.md"
"MARKDOWN_LINK_IN_OUTPUT_SOURCE","Warning","docs\build\OpenData-Developer-Guide.md","75","Generated documents must retain this label as text but remove the .md hyperlink.","../guides/adding-html-link-discovery.md"
"MARKDOWN_LINK_IN_OUTPUT_SOURCE","Warning","docs\build\OpenData-Developer-Guide.md","76","Generated documents must retain this label as text but remove the .md hyperlink.","../reference/plugin-api-reference.md"
"MARKDOWN_LINK_IN_OUTPUT_SOURCE","Warning","docs\build\OpenData-Developer-Guide.md","77","Generated documents must retain this label as text but remove the .md hyperlink.","../reference/plugin-properties-reference.md"
"MARKDOWN_LINK_IN_OUTPUT_SOURCE","Warning","docs\build\OpenData-Developer-Guide.md","78","Generated documents must retain this label as text but remove the .md hyperlink.","../templates/plugin-java/README.md"
"MARKDOWN_LINK_IN_OUTPUT_SOURCE","Warning","docs\build\OpenData-Developer-Guide.md","79","Generated documents must retain this label as text but remove the .md hyperlink.","../examples/example-plugin/README.md"
"MARKDOWN_LINK_IN_OUTPUT_SOURCE","Warning","docs\build\OpenData-Developer-Guide.md","83","Generated documents must retain this label as text but remove the .md hyperlink.","../standards/README.md"
"MARKDOWN_LINK_IN_OUTPUT_SOURCE","Warning","docs\build\OpenData-Developer-Guide.md","84","Generated documents must retain this label as text but remove the .md hyperlink.","../decisions/README.md"
"MARKDOWN_LINK_IN_OUTPUT_SOURCE","Warning","docs\build\OpenData-Developer-Guide.md","85","Generated documents must retain this label as text but remove the .md hyperlink.","../architecture/ARCHITECTURE.md"
"MARKDOWN_LINK_IN_OUTPUT_SOURCE","Warning","docs\build\OpenData-Developer-Guide.md","461","Generated documents must retain this label as text but remove the .md hyperlink.","../release/Final-Release-Checklist.md"
"MARKDOWN_LINK_IN_OUTPUT_SOURCE","Warning","docs\build\OpenData-Developer-Guide.md","540","Generated documents must retain this label as text but remove the .md hyperlink.","coding-standard.md"
"MARKDOWN_LINK_IN_OUTPUT_SOURCE","Warning","docs\build\OpenData-Developer-Guide.md","541","Generated documents must retain this label as text but remove the .md hyperlink.","testing-standard.md"
"MARKDOWN_LINK_IN_OUTPUT_SOURCE","Warning","docs\build\OpenData-Developer-Guide.md","542","Generated documents must retain this label as text but remove the .md hyperlink.","documentation-standard.md"
"MARKDOWN_LINK_IN_OUTPUT_SOURCE","Warning","docs\build\OpenData-Developer-Guide.md","543","Generated documents must retain this label as text but remove the .md hyperlink.","security-standard.md"
"MARKDOWN_LINK_IN_OUTPUT_SOURCE","Warning","docs\build\OpenData-Developer-Guide.md","544","Generated documents must retain this label as text but remove the .md hyperlink.","plugin-package-architecture.md"
"MARKDOWN_LINK_IN_OUTPUT_SOURCE","Warning","docs\build\OpenData-Developer-Guide.md","1085","Generated documents must retain this label as text but remove the .md hyperlink.","../reference/shared-validation-and-jdbc-reference.md"
"MARKDOWN_LINK_IN_OUTPUT_SOURCE","Warning","docs\build\OpenData-Developer-Guide.md","1641","Generated documents must retain this label as text but remove the .md hyperlink.","../examples/example-plugin/README.md"
"MARKDOWN_LINK_IN_OUTPUT_SOURCE","Warning","docs\build\OpenData-Developer-Guide.md","2246","Generated documents must retain this label as text but remove the .md hyperlink.","ADR-REGISTER.md"
"MARKDOWN_LINK_IN_OUTPUT_SOURCE","Warning","docs\build\OpenData-Developer-Guide.md","2270","Generated documents must retain this label as text but remove the .md hyperlink.","ADR-0001-plugin-architecture.md"
"MARKDOWN_LINK_IN_OUTPUT_SOURCE","Warning","docs\build\OpenData-Developer-Guide.md","2271","Generated documents must retain this label as text but remove the .md hyperlink.","ADR-0002-apache-commons-cli.md"
"MARKDOWN_LINK_IN_OUTPUT_SOURCE","Warning","docs\build\OpenData-Developer-Guide.md","2272","Generated documents must retain this label as text but remove the .md hyperlink.","ADR-0003-java-util-logging.md"
"MARKDOWN_LINK_IN_OUTPUT_SOURCE","Warning","docs\build\OpenData-Developer-Guide.md","2273","Generated documents must retain this label as text but remove the .md hyperlink.","ADR-0004-parameter-file-layering.md"
"MARKDOWN_LINK_IN_OUTPUT_SOURCE","Warning","docs\build\OpenData-Developer-Guide.md","2274","Generated documents must retain this label as text but remove the .md hyperlink.","ADR-0005-sql-server-persistence.md"
"MARKDOWN_LINK_IN_OUTPUT_SOURCE","Warning","docs\build\OpenData-Developer-Guide.md","2275","Generated documents must retain this label as text but remove the .md hyperlink.","ADR-0006-package-info-documentation.md"
"MARKDOWN_LINK_IN_OUTPUT_SOURCE","Warning","docs\build\OpenData-Developer-Guide.md","2276","Generated documents must retain this label as text but remove the .md hyperlink.","ADR-0007-modular-monolith.md"
"MARKDOWN_LINK_IN_OUTPUT_SOURCE","Warning","docs\build\OpenData-Developer-Guide.md","2277","Generated documents must retain this label as text but remove the .md hyperlink.","ADR-0008-java-17-records-immutable-models.md"
"MARKDOWN_LINK_IN_OUTPUT_SOURCE","Warning","docs\build\OpenData-Developer-Guide.md","2278","Generated documents must retain this label as text but remove the .md hyperlink.","ADR-0009-common-staged-etl-pipeline.md"
"MARKDOWN_LINK_IN_OUTPUT_SOURCE","Warning","docs\build\OpenData-Developer-Guide.md","2279","Generated documents must retain this label as text but remove the .md hyperlink.","ADR-0010-constructor-injection-no-di-framework.md"
"MARKDOWN_LINK_IN_OUTPUT_SOURCE","Warning","docs\build\OpenData-Developer-Guide.md","2280","Generated documents must retain this label as text but remove the .md hyperlink.","ADR-0011-jdk-http-client-downloads.md"
"MARKDOWN_LINK_IN_OUTPUT_SOURCE","Warning","docs\build\OpenData-Developer-Guide.md","2281","Generated documents must retain this label as text but remove the .md hyperlink.","ADR-0012-plugin-properties-before-database-configuration.md"
"MARKDOWN_LINK_IN_OUTPUT_SOURCE","Warning","docs\build\OpenData-Developer-Guide.md","2282","Generated documents must retain this label as text but remove the .md hyperlink.","ADR-0013-plugin-manifest-and-registry.md"
"MARKDOWN_LINK_IN_OUTPUT_SOURCE","Warning","docs\build\OpenData-Developer-Guide.md","2283","Generated documents must retain this label as text but remove the .md hyperlink.","ADR-0014-framework-metadata-and-plugin-business-tables.md"
"MARKDOWN_LINK_IN_OUTPUT_SOURCE","Warning","docs\build\OpenData-Developer-Guide.md","2284","Generated documents must retain this label as text but remove the .md hyperlink.","ADR-0015-database-abstraction-sql-server-first.md"
"MARKDOWN_LINK_IN_OUTPUT_SOURCE","Warning","docs\build\OpenData-Developer-Guide.md","2285","Generated documents must retain this label as text but remove the .md hyperlink.","ADR-0016-exception-hierarchy-and-boundary-translation.md"
"MARKDOWN_LINK_IN_OUTPUT_SOURCE","Warning","docs\build\OpenData-Developer-Guide.md","2286","Generated documents must retain this label as text but remove the .md hyperlink.","ADR-0017-documentation-as-code.md"
"MARKDOWN_LINK_IN_OUTPUT_SOURCE","Warning","docs\build\OpenData-Developer-Guide.md","2287","Generated documents must retain this label as text but remove the .md hyperlink.","ADR-0018-minimal-dependencies-standard-java-first.md"
"MARKDOWN_LINK_IN_OUTPUT_SOURCE","Warning","docs\build\OpenData-Developer-Guide.md","2288","Generated documents must retain this label as text but remove the .md hyperlink.","ADR-0019-ofgem-reference-plugin.md"
"MARKDOWN_LINK_IN_OUTPUT_SOURCE","Warning","docs\build\OpenData-Developer-Guide.md","2289","Generated documents must retain this label as text but remove the .md hyperlink.","ADR-0020-internal-scheduling-deferred.md"
"MARKDOWN_LINK_IN_OUTPUT_SOURCE","Warning","docs\build\OpenData-Developer-Guide.md","2290","Generated documents must retain this label as text but remove the .md hyperlink.","ADR-0021-apache-commons-csv.md"
"MARKDOWN_LINK_IN_OUTPUT_SOURCE","Warning","docs\build\OpenData-Developer-Guide.md","2291","Generated documents must retain this label as text but remove the .md hyperlink.","ADR-0021-configuration-resolution-and-validation.md"
"MARKDOWN_LINK_IN_OUTPUT_SOURCE","Warning","docs\build\OpenData-Developer-Guide.md","2292","Generated documents must retain this label as text but remove the .md hyperlink.","ADR-0022-jsoup-html-link-discovery.md"
"MARKDOWN_LINK_IN_OUTPUT_SOURCE","Warning","docs\build\OpenData-Developer-Guide.md","2293","Generated documents must retain this label as text but remove the .md hyperlink.","ADR-0022-cli-control-commands-and-exit-codes.md"
"MARKDOWN_LINK_IN_OUTPUT_SOURCE","Warning","docs\build\OpenData-Developer-Guide.md","2294","Generated documents must retain this label as text but remove the .md hyperlink.","ADR-0023-apache-poi-excel.md"
"MARKDOWN_LINK_IN_OUTPUT_SOURCE","Warning","docs\build\OpenData-Developer-Guide.md","2295","Generated documents must retain this label as text but remove the .md hyperlink.","ADR-0023-format-parser-adapters.md"
"MARKDOWN_LINK_IN_OUTPUT_SOURCE","Warning","docs\build\OpenData-Developer-Guide.md","2296","Generated documents must retain this label as text but remove the .md hyperlink.","ADR-0024-credential-references-not-secrets.md"
"MARKDOWN_LINK_IN_OUTPUT_SOURCE","Warning","docs\build\OpenData-Developer-Guide.md","2297","Generated documents must retain this label as text but remove the .md hyperlink.","ADR-0024-imap-email-attachment-source.md"
"MARKDOWN_LINK_IN_OUTPUT_SOURCE","Warning","docs\build\OpenData-Developer-Guide.md","2298","Generated documents must retain this label as text but remove the .md hyperlink.","ADR-0025-database-plugin-configuration-json.md"
"MARKDOWN_LINK_IN_OUTPUT_SOURCE","Warning","docs\build\OpenData-Developer-Guide.md","2299","Generated documents must retain this label as text but remove the .md hyperlink.","ADR-0025-octopus-email-bill-plugin.md"
"MARKDOWN_LINK_IN_OUTPUT_SOURCE","Warning","docs\build\OpenData-Developer-Guide.md","2300","Generated documents must retain this label as text but remove the .md hyperlink.","ADR-0026-openmeteo-reference-plugin.md"
"MARKDOWN_LINK_IN_OUTPUT_SOURCE","Warning","docs\build\OpenData-Developer-Guide.md","2301","Generated documents must retain this label as text but remove the .md hyperlink.","ADR-0026-transactional-octopus-record-persistence.md"
"MARKDOWN_LINK_IN_OUTPUT_SOURCE","Warning","docs\build\OpenData-Developer-Guide.md","2302","Generated documents must retain this label as text but remove the .md hyperlink.","ADR-0027-idempotent-email-attachment-processing.md"
"MARKDOWN_LINK_IN_OUTPUT_SOURCE","Warning","docs\build\OpenData-Developer-Guide.md","2303","Generated documents must retain this label as text but remove the .md hyperlink.","ADR-0028-openmeteo-historical-weather-plugin.md"
"MARKDOWN_LINK_IN_OUTPUT_SOURCE","Warning","docs\build\OpenData-Developer-Guide.md","2304","Generated documents must retain this label as text but remove the .md hyperlink.","ADR-0029-web-file-discovery-and-tabular-parsing.md"
"MARKDOWN_LINK_IN_OUTPUT_SOURCE","Warning","docs\build\OpenData-Developer-Guide.md","2305","Generated documents must retain this label as text but remove the .md hyperlink.","ADR-0030-managed-database-connection-pool.md"
"MARKDOWN_LINK_IN_OUTPUT_SOURCE","Warning","docs\build\OpenData-Developer-Guide.md","2306","Generated documents must retain this label as text but remove the .md hyperlink.","ADR-0031-normalised-ofgem-price-cap-schema.md"
"MARKDOWN_LINK_IN_OUTPUT_SOURCE","Warning","docs\build\OpenData-Developer-Guide.md","2307","Generated documents must retain this label as text but remove the .md hyperlink.","ADR-0032-explicit-jdbc-repositories.md"
"MARKDOWN_LINK_IN_OUTPUT_SOURCE","Warning","docs\build\OpenData-Developer-Guide.md","2308","Generated documents must retain this label as text but remove the .md hyperlink.","ADR-0033-ordered-idempotent-sql-scripts.md"
"MARKDOWN_LINK_IN_OUTPUT_SOURCE","Warning","docs\build\OpenData-Developer-Guide.md","2309","Generated documents must retain this label as text but remove the .md hyperlink.","ADR-0034-ingestion-audit-and-source-provenance.md"
"MARKDOWN_LINK_IN_OUTPUT_SOURCE","Warning","docs\build\OpenData-Developer-Guide.md","2310","Generated documents must retain this label as text but remove the .md hyperlink.","ADR-0035-transactional-period-replacement.md"
"MARKDOWN_LINK_IN_OUTPUT_SOURCE","Warning","docs\build\OpenData-Developer-Guide.md","2311","Generated documents must retain this label as text but remove the .md hyperlink.","ADR-0036-least-privilege-application-role.md"
"MARKDOWN_LINK_IN_OUTPUT_SOURCE","Warning","docs\build\OpenData-Developer-Guide.md","2312","Generated documents must retain this label as text but remove the .md hyperlink.","ADR-0037-preserve-source-cell-lineage.md"
"MARKDOWN_LINK_IN_OUTPUT_SOURCE","Warning","docs\build\OpenData-Developer-Guide.md","2313","Generated documents must retain this label as text but remove the .md hyperlink.","ADR-0038-bounded-parallel-plugin-execution.md"
"MARKDOWN_LINK_IN_OUTPUT_SOURCE","Warning","docs\build\OpenData-Developer-Guide.md","2314","Generated documents must retain this label as text but remove the .md hyperlink.","ADR-0039-database-concurrency-owned-by-transactions.md"
"MARKDOWN_LINK_IN_OUTPUT_SOURCE","Warning","docs\build\OpenData-Developer-Guide.md","2315","Generated documents must retain this label as text but remove the .md hyperlink.","ADR-0040-openmeteo-relational-storage.md"
"MARKDOWN_LINK_IN_OUTPUT_SOURCE","Warning","docs\build\OpenData-Developer-Guide.md","2316","Generated documents must retain this label as text but remove the .md hyperlink.","ADR-0041-contextual-jul-for-concurrent-plugins.md"
"MARKDOWN_LINK_IN_OUTPUT_SOURCE","Warning","docs\build\OpenData-Developer-Guide.md","2317","Generated documents must retain this label as text but remove the .md hyperlink.","ADR-0042-side-effect-free-dry-run.md"
"MARKDOWN_LINK_IN_OUTPUT_SOURCE","Warning","docs\build\OpenData-Developer-Guide.md","2318","Generated documents must retain this label as text but remove the .md hyperlink.","ADR-0043-plugin-local-pipeline-packages.md"
"MARKDOWN_LINK_IN_OUTPUT_SOURCE","Warning","docs\build\OpenData-Developer-Guide.md","2319","Generated documents must retain this label as text but remove the .md hyperlink.","ADR-0044-octopus-energy.md"
"MARKDOWN_LINK_IN_OUTPUT_SOURCE","Warning","docs\build\OpenData-Developer-Guide.md","2320","Generated documents must retain this label as text but remove the .md hyperlink.","ADR-0045-documentation-delivery-baseline.md"
"MARKDOWN_LINK_IN_OUTPUT_SOURCE","Warning","docs\build\OpenData-Developer-Guide.md","2321","Generated documents must retain this label as text but remove the .md hyperlink.","ADR-0046-manifest-driven-documentation-engine.md"
"MARKDOWN_LINK_IN_OUTPUT_SOURCE","Warning","docs\build\OpenData-Developer-Guide.md","2322","Generated documents must retain this label as text but remove the .md hyperlink.","ADR-0047-database-backed-configuration-registration.md"
"MARKDOWN_LINK_IN_OUTPUT_SOURCE","Warning","docs\build\OpenData-Developer-Guide.md","2323","Generated documents must retain this label as text but remove the .md hyperlink.","ADR-0048-persistent-plugin-registry-and-cli-lifecycle.md"
"MARKDOWN_LINK_IN_OUTPUT_SOURCE","Warning","docs\build\OpenData-Developer-Guide.md","2324","Generated documents must retain this label as text but remove the .md hyperlink.","ADR-0049-shared-validation-and-jdbc-execution.md"
"MARKDOWN_LINK_IN_OUTPUT_SOURCE","Warning","docs\build\OpenData-Developer-Guide.md","2325","Generated documents must retain this label as text but remove the .md hyperlink.","ADR-0050-application-metadata-validation-and-utilities.md"
"MARKDOWN_LINK_IN_OUTPUT_SOURCE","Warning","docs\build\OpenData-Developer-Guide.md","2336","Generated documents must retain this label as text but remove the .md hyperlink.","data-and-privacy-governance.md"
"MARKDOWN_LINK_IN_OUTPUT_SOURCE","Warning","docs\build\OpenData-Developer-Guide.md","2337","Generated documents must retain this label as text but remove the .md hyperlink.","dependency-and-attribution-management.md"
"MARKDOWN_LINK_IN_OUTPUT_SOURCE","Warning","docs\build\OpenData-Developer-Guide.md","2338","Generated documents must retain this label as text but remove the .md hyperlink.","release-compliance-checklist.md"
"MARKDOWN_LINK_IN_OUTPUT_SOURCE","Warning","docs\build\OpenData-Developer-Guide.md","2339","Generated documents must retain this label as text but remove the .md hyperlink.","../Licensing-Policy.md"
"MARKDOWN_LINK_IN_OUTPUT_SOURCE","Warning","docs\build\OpenData-Developer-Guide.md","2340","Generated documents must retain this label as text but remove the .md hyperlink.","../../SECURITY.md"
"MARKDOWN_LINK_IN_OUTPUT_SOURCE","Warning","docs\build\OpenData-Developer-Guide.md","2341","Generated documents must retain this label as text but remove the .md hyperlink.","../../THIRD-PARTY-NOTICES.md"
"MARKDOWN_LINK_IN_OUTPUT_SOURCE","Warning","docs\build\OpenData-Developer-Guide.md","2342","Generated documents must retain this label as text but remove the .md hyperlink.","../../DATA-SOURCE-NOTICES.md"
"MARKDOWN_LINK_IN_OUTPUT_SOURCE","Warning","docs\build\OpenData-Developer-Guide.md","2527","Generated documents must retain this label as text but remove the .md hyperlink.","Release-Evidence-Index.md"
"MARKDOWN_LINK_IN_OUTPUT_SOURCE","Warning","docs\build\OpenData-Technical-Documentation.md","28","Generated documents must retain this label as text but remove the .md hyperlink.","user-guide/README.md"
"MARKDOWN_LINK_IN_OUTPUT_SOURCE","Warning","docs\build\OpenData-Technical-Documentation.md","29","Generated documents must retain this label as text but remove the .md hyperlink.","architecture/ARCHITECTURE.md"
"MARKDOWN_LINK_IN_OUTPUT_SOURCE","Warning","docs\build\OpenData-Technical-Documentation.md","30","Generated documents must retain this label as text but remove the .md hyperlink.","development/README.md"
"MARKDOWN_LINK_IN_OUTPUT_SOURCE","Warning","docs\build\OpenData-Technical-Documentation.md","31","Generated documents must retain this label as text but remove the .md hyperlink.","standards/README.md"
"MARKDOWN_LINK_IN_OUTPUT_SOURCE","Warning","docs\build\OpenData-Technical-Documentation.md","32","Generated documents must retain this label as text but remove the .md hyperlink.","operations/README.md"
"MARKDOWN_LINK_IN_OUTPUT_SOURCE","Warning","docs\build\OpenData-Technical-Documentation.md","33","Generated documents must retain this label as text but remove the .md hyperlink.","decisions/README.md"
"MARKDOWN_LINK_IN_OUTPUT_SOURCE","Warning","docs\build\OpenData-Technical-Documentation.md","34","Generated documents must retain this label as text but remove the .md hyperlink.","reference/README.md"
"MARKDOWN_LINK_IN_OUTPUT_SOURCE","Warning","docs\build\OpenData-Technical-Documentation.md","35","Generated documents must retain this label as text but remove the .md hyperlink.","guides/README.md"
"MARKDOWN_LINK_IN_OUTPUT_SOURCE","Warning","docs\build\OpenData-Technical-Documentation.md","36","Generated documents must retain this label as text but remove the .md hyperlink.","plugins/README.md"
"MARKDOWN_LINK_IN_OUTPUT_SOURCE","Warning","docs\build\OpenData-Technical-Documentation.md","37","Generated documents must retain this label as text but remove the .md hyperlink.","templates/plugin-java/README.md"
"MARKDOWN_LINK_IN_OUTPUT_SOURCE","Warning","docs\build\OpenData-Technical-Documentation.md","38","Generated documents must retain this label as text but remove the .md hyperlink.","roadmap/README.md"
"MARKDOWN_LINK_IN_OUTPUT_SOURCE","Warning","docs\build\OpenData-Technical-Documentation.md","39","Generated documents must retain this label as text but remove the .md hyperlink.","diagrams/README.md"
"MARKDOWN_LINK_IN_OUTPUT_SOURCE","Warning","docs\build\OpenData-Technical-Documentation.md","40","Generated documents must retain this label as text but remove the .md hyperlink.","review/README.md"
"MARKDOWN_LINK_IN_OUTPUT_SOURCE","Warning","docs\build\OpenData-Technical-Documentation.md","44","Generated documents must retain this label as text but remove the .md hyperlink.","decisions/README.md"
"MARKDOWN_LINK_IN_OUTPUT_SOURCE","Warning","docs\build\OpenData-Technical-Documentation.md","51","Generated documents must retain this label as text but remove the .md hyperlink.","review/DOCUMENTATION-GAP-ANALYSIS-2026-07-26.md"
"MARKDOWN_LINK_IN_OUTPUT_SOURCE","Warning","docs\build\OpenData-Technical-Documentation.md","53","Generated documents must retain this label as text but remove the .md hyperlink.","review/UNRESOLVED-TOOLCHAIN-AND-SPECIFICATION-GAPS-2026-07-26.md"
"MARKDOWN_LINK_IN_OUTPUT_SOURCE","Warning","docs\build\OpenData-Technical-Documentation.md","56","Generated documents must retain this label as text but remove the .md hyperlink.","Documentation-Standards.md"
"MARKDOWN_LINK_IN_OUTPUT_SOURCE","Warning","docs\build\OpenData-Technical-Documentation.md","60","Generated documents must retain this label as text but remove the .md hyperlink.","../CONTRIBUTING.md"
"MARKDOWN_LINK_IN_OUTPUT_SOURCE","Warning","docs\build\OpenData-Technical-Documentation.md","61","Generated documents must retain this label as text but remove the .md hyperlink.","../CODE_OF_CONDUCT.md"
"MARKDOWN_LINK_IN_OUTPUT_SOURCE","Warning","docs\build\OpenData-Technical-Documentation.md","62","Generated documents must retain this label as text but remove the .md hyperlink.","../SECURITY.md"
"MARKDOWN_LINK_IN_OUTPUT_SOURCE","Warning","docs\build\OpenData-Technical-Documentation.md","63","Generated documents must retain this label as text but remove the .md hyperlink.","../CHANGELOG.md"
"MARKDOWN_LINK_IN_OUTPUT_SOURCE","Warning","docs\build\OpenData-Technical-Documentation.md","64","Generated documents must retain this label as text but remove the .md hyperlink.","../LICENSE.md"
"MARKDOWN_LINK_IN_OUTPUT_SOURCE","Warning","docs\build\OpenData-Technical-Documentation.md","69","Generated documents must retain this label as text but remove the .md hyperlink.","Licensing-Policy.md"
"MARKDOWN_LINK_IN_OUTPUT_SOURCE","Warning","docs\build\OpenData-Technical-Documentation.md","90","Generated documents must retain this label as text but remove the .md hyperlink.","001-project-vision.md"
"MARKDOWN_LINK_IN_OUTPUT_SOURCE","Warning","docs\build\OpenData-Technical-Documentation.md","91","Generated documents must retain this label as text but remove the .md hyperlink.","002-system-overview.md"
"MARKDOWN_LINK_IN_OUTPUT_SOURCE","Warning","docs\build\OpenData-Technical-Documentation.md","92","Generated documents must retain this label as text but remove the .md hyperlink.","003-high-level-architecture.md"
"MARKDOWN_LINK_IN_OUTPUT_SOURCE","Warning","docs\build\OpenData-Technical-Documentation.md","93","Generated documents must retain this label as text but remove the .md hyperlink.","004-package-structure.md"
"MARKDOWN_LINK_IN_OUTPUT_SOURCE","Warning","docs\build\OpenData-Technical-Documentation.md","94","Generated documents must retain this label as text but remove the .md hyperlink.","005-dependency-rules.md"
"MARKDOWN_LINK_IN_OUTPUT_SOURCE","Warning","docs\build\OpenData-Technical-Documentation.md","95","Generated documents must retain this label as text but remove the .md hyperlink.","006-layered-architecture.md"
"MARKDOWN_LINK_IN_OUTPUT_SOURCE","Warning","docs\build\OpenData-Technical-Documentation.md","96","Generated documents must retain this label as text but remove the .md hyperlink.","007-plugin-architecture.md"
"MARKDOWN_LINK_IN_OUTPUT_SOURCE","Warning","docs\build\OpenData-Technical-Documentation.md","97","Generated documents must retain this label as text but remove the .md hyperlink.","008-pipeline-engine.md"
"MARKDOWN_LINK_IN_OUTPUT_SOURCE","Warning","docs\build\OpenData-Technical-Documentation.md","98","Generated documents must retain this label as text but remove the .md hyperlink.","009-dataset-lifecycle.md"
"MARKDOWN_LINK_IN_OUTPUT_SOURCE","Warning","docs\build\OpenData-Technical-Documentation.md","99","Generated documents must retain this label as text but remove the .md hyperlink.","010-component-interactions.md"
"MARKDOWN_LINK_IN_OUTPUT_SOURCE","Warning","docs\build\OpenData-Technical-Documentation.md","100","Generated documents must retain this label as text but remove the .md hyperlink.","011-configuration.md"
"MARKDOWN_LINK_IN_OUTPUT_SOURCE","Warning","docs\build\OpenData-Technical-Documentation.md","101","Generated documents must retain this label as text but remove the .md hyperlink.","012-logging.md"
"MARKDOWN_LINK_IN_OUTPUT_SOURCE","Warning","docs\build\OpenData-Technical-Documentation.md","102","Generated documents must retain this label as text but remove the .md hyperlink.","013-exception-strategy.md"
"MARKDOWN_LINK_IN_OUTPUT_SOURCE","Warning","docs\build\OpenData-Technical-Documentation.md","103","Generated documents must retain this label as text but remove the .md hyperlink.","014-database-architecture.md"
"MARKDOWN_LINK_IN_OUTPUT_SOURCE","Warning","docs\build\OpenData-Technical-Documentation.md","104","Generated documents must retain this label as text but remove the .md hyperlink.","015-future-architecture.md"
"MARKDOWN_LINK_IN_OUTPUT_SOURCE","Warning","docs\build\OpenData-Technical-Documentation.md","105","Generated documents must retain this label as text but remove the .md hyperlink.","016-download-and-parsing.md"
"MARKDOWN_LINK_IN_OUTPUT_SOURCE","Warning","docs\build\OpenData-Technical-Documentation.md","106","Generated documents must retain this label as text but remove the .md hyperlink.","017-security-and-credentials.md"
"MARKDOWN_LINK_IN_OUTPUT_SOURCE","Warning","docs\build\OpenData-Technical-Documentation.md","107","Generated documents must retain this label as text but remove the .md hyperlink.","018-testing-and-quality.md"
"MARKDOWN_LINK_IN_OUTPUT_SOURCE","Warning","docs\build\OpenData-Technical-Documentation.md","108","Generated documents must retain this label as text but remove the .md hyperlink.","019-database-persistence-and-pooling.md"
"MARKDOWN_LINK_IN_OUTPUT_SOURCE","Warning","docs\build\OpenData-Technical-Documentation.md","109","Generated documents must retain this label as text but remove the .md hyperlink.","020-ingestion-audit-and-provenance.md"
"MARKDOWN_LINK_IN_OUTPUT_SOURCE","Warning","docs\build\OpenData-Technical-Documentation.md","110","Generated documents must retain this label as text but remove the .md hyperlink.","021-ofgem-price-cap-architecture.md"
"MARKDOWN_LINK_IN_OUTPUT_SOURCE","Warning","docs\build\OpenData-Technical-Documentation.md","111","Generated documents must retain this label as text but remove the .md hyperlink.","022-deployment-and-environments.md"
"MARKDOWN_LINK_IN_OUTPUT_SOURCE","Warning","docs\build\OpenData-Technical-Documentation.md","112","Generated documents must retain this label as text but remove the .md hyperlink.","023-operational-failure-and-recovery.md"
"MARKDOWN_LINK_IN_OUTPUT_SOURCE","Warning","docs\build\OpenData-Technical-Documentation.md","113","Generated documents must retain this label as text but remove the .md hyperlink.","024-architecture-traceability.md"
"MARKDOWN_LINK_IN_OUTPUT_SOURCE","Warning","docs\build\OpenData-Technical-Documentation.md","117","Generated documents must retain this label as text but remove the .md hyperlink.","../diagrams/README.md"
"MARKDOWN_LINK_IN_OUTPUT_SOURCE","Warning","docs\build\OpenData-Technical-Documentation.md","119","Generated documents must retain this label as text but remove the .md hyperlink.","../review/DOCUMENTATION-GAP-ANALYSIS-2026-07-26.md"
"MARKDOWN_LINK_IN_OUTPUT_SOURCE","Warning","docs\build\OpenData-Technical-Documentation.md","363","Generated documents must retain this label as text but remove the .md hyperlink.","../templates/plugin-java/README.md"
"MARKDOWN_LINK_IN_OUTPUT_SOURCE","Warning","docs\build\OpenData-Technical-Documentation.md","597","Generated documents must retain this label as text but remove the .md hyperlink.","019-database-persistence-and-pooling.md"
"MARKDOWN_LINK_IN_OUTPUT_SOURCE","Warning","docs\build\OpenData-Technical-Documentation.md","598","Generated documents must retain this label as text but remove the .md hyperlink.","017-security-and-credentials.md"
"MARKDOWN_LINK_IN_OUTPUT_SOURCE","Warning","docs\build\OpenData-Technical-Documentation.md","1147","Generated documents must retain this label as text but remove the .md hyperlink.","../roadmap/README.md"
"MARKDOWN_LINK_IN_OUTPUT_SOURCE","Warning","docs\build\OpenData-Technical-Documentation.md","1220","Generated documents must retain this label as text but remove the .md hyperlink.","../review/DOCUMENTATION-GAP-ANALYSIS-2026-07-26.md"
"MARKDOWN_LINK_IN_OUTPUT_SOURCE","Warning","docs\build\OpenData-Technical-Documentation.md","1495","Generated documents must retain this label as text but remove the .md hyperlink.","../review/DOCUMENTATION-GAP-ANALYSIS-2026-07-26.md"
"MARKDOWN_LINK_IN_OUTPUT_SOURCE","Warning","docs\build\OpenData-Technical-Documentation.md","1499","Generated documents must retain this label as text but remove the .md hyperlink.","014-database-architecture.md"
"MARKDOWN_LINK_IN_OUTPUT_SOURCE","Warning","docs\build\OpenData-Technical-Documentation.md","1500","Generated documents must retain this label as text but remove the .md hyperlink.","019-database-persistence-and-pooling.md"
"MARKDOWN_LINK_IN_OUTPUT_SOURCE","Warning","docs\build\OpenData-Technical-Documentation.md","1501","Generated documents must retain this label as text but remove the .md hyperlink.","020-ingestion-audit-and-provenance.md"
"MARKDOWN_LINK_IN_OUTPUT_SOURCE","Warning","docs\build\OpenData-Technical-Documentation.md","1502","Generated documents must retain this label as text but remove the .md hyperlink.","021-ofgem-price-cap-architecture.md"
"MARKDOWN_LINK_IN_OUTPUT_SOURCE","Warning","docs\build\OpenData-Technical-Documentation.md","1503","Generated documents must retain this label as text but remove the .md hyperlink.","023-operational-failure-and-recovery.md"
"MARKDOWN_LINK_IN_OUTPUT_SOURCE","Warning","docs\build\OpenData-Technical-Documentation.md","1504","Generated documents must retain this label as text but remove the .md hyperlink.","024-architecture-traceability.md"
"MARKDOWN_LINK_IN_OUTPUT_SOURCE","Warning","docs\build\OpenData-Technical-Documentation.md","1732","Generated documents must retain this label as text but remove the .md hyperlink.","local-build-test-run.md"
"MARKDOWN_LINK_IN_OUTPUT_SOURCE","Warning","docs\build\OpenData-Technical-Documentation.md","1733","Generated documents must retain this label as text but remove the .md hyperlink.","dependency-management.md"
"MARKDOWN_LINK_IN_OUTPUT_SOURCE","Warning","docs\build\OpenData-Technical-Documentation.md","1734","Generated documents must retain this label as text but remove the .md hyperlink.","release-and-versioning.md"
"MARKDOWN_LINK_IN_OUTPUT_SOURCE","Warning","docs\build\OpenData-Technical-Documentation.md","1735","Generated documents must retain this label as text but remove the .md hyperlink.","../guides/adding-a-plugin.md"
"MARKDOWN_LINK_IN_OUTPUT_SOURCE","Warning","docs\build\OpenData-Technical-Documentation.md","1736","Generated documents must retain this label as text but remove the .md hyperlink.","../standards/README.md"
"MARKDOWN_LINK_IN_OUTPUT_SOURCE","Warning","docs\build\OpenData-Technical-Documentation.md","1857","Generated documents must retain this label as text but remove the .md hyperlink.","coding-standard.md"
"MARKDOWN_LINK_IN_OUTPUT_SOURCE","Warning","docs\build\OpenData-Technical-Documentation.md","1858","Generated documents must retain this label as text but remove the .md hyperlink.","testing-standard.md"
"MARKDOWN_LINK_IN_OUTPUT_SOURCE","Warning","docs\build\OpenData-Technical-Documentation.md","1859","Generated documents must retain this label as text but remove the .md hyperlink.","documentation-standard.md"
"MARKDOWN_LINK_IN_OUTPUT_SOURCE","Warning","docs\build\OpenData-Technical-Documentation.md","1860","Generated documents must retain this label as text but remove the .md hyperlink.","security-standard.md"
"MARKDOWN_LINK_IN_OUTPUT_SOURCE","Warning","docs\build\OpenData-Technical-Documentation.md","1965","Generated documents must retain this label as text but remove the .md hyperlink.","../templates/plugin-java/README.md"
"MARKDOWN_LINK_IN_OUTPUT_SOURCE","Warning","docs\build\OpenData-Technical-Documentation.md","2207","Generated documents must retain this label as text but remove the .md hyperlink.","adding-a-plugin.md"
"MARKDOWN_LINK_IN_OUTPUT_SOURCE","Warning","docs\build\OpenData-Technical-Documentation.md","2208","Generated documents must retain this label as text but remove the .md hyperlink.","adding-a-csv-plugin.md"
"MARKDOWN_LINK_IN_OUTPUT_SOURCE","Warning","docs\build\OpenData-Technical-Documentation.md","2209","Generated documents must retain this label as text but remove the .md hyperlink.","adding-an-excel-plugin.md"
"MARKDOWN_LINK_IN_OUTPUT_SOURCE","Warning","docs\build\OpenData-Technical-Documentation.md","2210","Generated documents must retain this label as text but remove the .md hyperlink.","adding-html-link-discovery.md"
"MARKDOWN_LINK_IN_OUTPUT_SOURCE","Warning","docs\build\OpenData-Technical-Documentation.md","2211","Generated documents must retain this label as text but remove the .md hyperlink.","configuring-api-credentials.md"
"MARKDOWN_LINK_IN_OUTPUT_SOURCE","Warning","docs\build\OpenData-Technical-Documentation.md","2212","Generated documents must retain this label as text but remove the .md hyperlink.","running-and-testing.md"
"MARKDOWN_LINK_IN_OUTPUT_SOURCE","Warning","docs\build\OpenData-Technical-Documentation.md","2213","Generated documents must retain this label as text but remove the .md hyperlink.","running-plugins.md"
"MARKDOWN_LINK_IN_OUTPUT_SOURCE","Warning","docs\build\OpenData-Technical-Documentation.md","2214","Generated documents must retain this label as text but remove the .md hyperlink.","run-ofgem-price-cap-import.md"
"MARKDOWN_LINK_IN_OUTPUT_SOURCE","Warning","docs\build\OpenData-Technical-Documentation.md","2215","Generated documents must retain this label as text but remove the .md hyperlink.","sql-server-bootstrap.md"
"MARKDOWN_LINK_IN_OUTPUT_SOURCE","Warning","docs\build\OpenData-Technical-Documentation.md","2216","Generated documents must retain this label as text but remove the .md hyperlink.","database-configuration-and-security.md"
"MARKDOWN_LINK_IN_OUTPUT_SOURCE","Warning","docs\build\OpenData-Technical-Documentation.md","2217","Generated documents must retain this label as text but remove the .md hyperlink.","database-troubleshooting.md"
"MARKDOWN_LINK_IN_OUTPUT_SOURCE","Warning","docs\build\OpenData-Technical-Documentation.md","2218","Generated documents must retain this label as text but remove the .md hyperlink.","plugin-contract-migration.md"
"MARKDOWN_LINK_IN_OUTPUT_SOURCE","Warning","docs\build\OpenData-Technical-Documentation.md","2626","Generated documents must retain this label as text but remove the .md hyperlink.","operations-runbook.md"
"MARKDOWN_LINK_IN_OUTPUT_SOURCE","Warning","docs\build\OpenData-Technical-Documentation.md","2627","Generated documents must retain this label as text but remove the .md hyperlink.","monitoring-and-diagnostics.md"
"MARKDOWN_LINK_IN_OUTPUT_SOURCE","Warning","docs\build\OpenData-Technical-Documentation.md","2628","Generated documents must retain this label as text but remove the .md hyperlink.","backup-and-recovery.md"
"MARKDOWN_LINK_IN_OUTPUT_SOURCE","Warning","docs\build\OpenData-Technical-Documentation.md","2629","Generated documents must retain this label as text but remove the .md hyperlink.","logging-and-pool.md"
"MARKDOWN_LINK_IN_OUTPUT_SOURCE","Warning","docs\build\OpenData-Technical-Documentation.md","2692","Generated documents must retain this label as text but remove the .md hyperlink.","workbook-mapping.md"
"MARKDOWN_LINK_IN_OUTPUT_SOURCE","Warning","docs\build\OpenData-Technical-Documentation.md","2693","Generated documents must retain this label as text but remove the .md hyperlink.","data-model.md"
"MARKDOWN_LINK_IN_OUTPUT_SOURCE","Warning","docs\build\OpenData-Technical-Documentation.md","2694","Generated documents must retain this label as text but remove the .md hyperlink.","../../architecture/021-ofgem-price-cap-architecture.md"
"MARKDOWN_LINK_IN_OUTPUT_SOURCE","Warning","docs\build\OpenData-Technical-Documentation.md","2695","Generated documents must retain this label as text but remove the .md hyperlink.","../../reference/ofgem-price-cap-data-dictionary.md"
"MARKDOWN_LINK_IN_OUTPUT_SOURCE","Warning","docs\build\OpenData-Technical-Documentation.md","2696","Generated documents must retain this label as text but remove the .md hyperlink.","../../guides/run-ofgem-price-cap-import.md"
"MARKDOWN_LINK_IN_OUTPUT_SOURCE","Warning","docs\build\OpenData-Technical-Documentation.md","2881","Generated documents must retain this label as text but remove the .md hyperlink.","ofgem/README.md"
"MARKDOWN_LINK_IN_OUTPUT_SOURCE","Warning","docs\build\OpenData-Technical-Documentation.md","2882","Generated documents must retain this label as text but remove the .md hyperlink.","openmeteo/README.md"
"MARKDOWN_LINK_IN_OUTPUT_SOURCE","Warning","docs\build\OpenData-Technical-Documentation.md","2889","Generated documents must retain this label as text but remove the .md hyperlink.","../guides/adding-a-plugin.md"
"MARKDOWN_LINK_IN_OUTPUT_SOURCE","Warning","docs\build\OpenData-Technical-Documentation.md","2890","Generated documents must retain this label as text but remove the .md hyperlink.","../templates/plugin-java/README.md"
"MARKDOWN_LINK_IN_OUTPUT_SOURCE","Warning","docs\build\OpenData-Technical-Documentation.md","3120","Generated documents must retain this label as text but remove the .md hyperlink.","ofgem-price-cap-data-dictionary.md"
"MARKDOWN_LINK_IN_OUTPUT_SOURCE","Warning","docs\build\OpenData-Technical-Documentation.md","3336","Generated documents must retain this label as text but remove the .md hyperlink.","../plugins/openmeteo/README.md"
"MARKDOWN_LINK_IN_OUTPUT_SOURCE","Warning","docs\build\OpenData-Technical-Documentation.md","3337","Generated documents must retain this label as text but remove the .md hyperlink.","openmeteo-schema.md"
"MARKDOWN_LINK_IN_OUTPUT_SOURCE","Warning","docs\build\OpenData-Technical-Documentation.md","3476","Generated documents must retain this label as text but remove the .md hyperlink.","command-line-reference.md"
"MARKDOWN_LINK_IN_OUTPUT_SOURCE","Warning","docs\build\OpenData-Technical-Documentation.md","3477","Generated documents must retain this label as text but remove the .md hyperlink.","configuration-reference.md"
"MARKDOWN_LINK_IN_OUTPUT_SOURCE","Warning","docs\build\OpenData-Technical-Documentation.md","3478","Generated documents must retain this label as text but remove the .md hyperlink.","plugin-properties-reference.md"
"MARKDOWN_LINK_IN_OUTPUT_SOURCE","Warning","docs\build\OpenData-Technical-Documentation.md","3479","Generated documents must retain this label as text but remove the .md hyperlink.","plugin-registry-reference.md"
"MARKDOWN_LINK_IN_OUTPUT_SOURCE","Warning","docs\build\OpenData-Technical-Documentation.md","3480","Generated documents must retain this label as text but remove the .md hyperlink.","database-configuration.md"
"MARKDOWN_LINK_IN_OUTPUT_SOURCE","Warning","docs\build\OpenData-Technical-Documentation.md","3481","Generated documents must retain this label as text but remove the .md hyperlink.","database-schema-reference.md"
"MARKDOWN_LINK_IN_OUTPUT_SOURCE","Warning","docs\build\OpenData-Technical-Documentation.md","3482","Generated documents must retain this label as text but remove the .md hyperlink.","ingestion-audit-reference.md"
"MARKDOWN_LINK_IN_OUTPUT_SOURCE","Warning","docs\build\OpenData-Technical-Documentation.md","3483","Generated documents must retain this label as text but remove the .md hyperlink.","supported-data-formats.md"
"MARKDOWN_LINK_IN_OUTPUT_SOURCE","Warning","docs\build\OpenData-Technical-Documentation.md","3484","Generated documents must retain this label as text but remove the .md hyperlink.","csv-parsing.md"
"MARKDOWN_LINK_IN_OUTPUT_SOURCE","Warning","docs\build\OpenData-Technical-Documentation.md","3485","Generated documents must retain this label as text but remove the .md hyperlink.","excel-parsing.md"
"MARKDOWN_LINK_IN_OUTPUT_SOURCE","Warning","docs\build\OpenData-Technical-Documentation.md","3486","Generated documents must retain this label as text but remove the .md hyperlink.","html-link-discovery.md"
"MARKDOWN_LINK_IN_OUTPUT_SOURCE","Warning","docs\build\OpenData-Technical-Documentation.md","3487","Generated documents must retain this label as text but remove the .md hyperlink.","ofgem-plugin.md"
"MARKDOWN_LINK_IN_OUTPUT_SOURCE","Warning","docs\build\OpenData-Technical-Documentation.md","3488","Generated documents must retain this label as text but remove the .md hyperlink.","ofgem-plugin-configuration.md"
"MARKDOWN_LINK_IN_OUTPUT_SOURCE","Warning","docs\build\OpenData-Technical-Documentation.md","3489","Generated documents must retain this label as text but remove the .md hyperlink.","ofgem-price-cap-data-dictionary.md"
"MARKDOWN_LINK_IN_OUTPUT_SOURCE","Warning","docs\build\OpenData-Technical-Documentation.md","3490","Generated documents must retain this label as text but remove the .md hyperlink.","openmeteo-plugin.md"
"MARKDOWN_LINK_IN_OUTPUT_SOURCE","Warning","docs\build\OpenData-Technical-Documentation.md","3491","Generated documents must retain this label as text but remove the .md hyperlink.","openmeteo-schema.md"
"MARKDOWN_LINK_IN_OUTPUT_SOURCE","Warning","docs\build\OpenData-Technical-Documentation.md","3546","Generated documents must retain this label as text but remove the .md hyperlink.","ADR-REGISTER.md"
"MARKDOWN_LINK_IN_OUTPUT_SOURCE","Warning","docs\build\OpenData-Technical-Documentation.md","3555","Generated documents must retain this label as text but remove the .md hyperlink.","ADR-REGISTER-ADDENDUM.md"
"MARKDOWN_LINK_IN_OUTPUT_SOURCE","Warning","docs\build\OpenData-Technical-Documentation.md","3570","Generated documents must retain this label as text but remove the .md hyperlink.","ADR-0001-plugin-architecture.md"
"MARKDOWN_LINK_IN_OUTPUT_SOURCE","Warning","docs\build\OpenData-Technical-Documentation.md","3571","Generated documents must retain this label as text but remove the .md hyperlink.","ADR-0002-apache-commons-cli.md"
"MARKDOWN_LINK_IN_OUTPUT_SOURCE","Warning","docs\build\OpenData-Technical-Documentation.md","3572","Generated documents must retain this label as text but remove the .md hyperlink.","ADR-0003-java-util-logging.md"
"MARKDOWN_LINK_IN_OUTPUT_SOURCE","Warning","docs\build\OpenData-Technical-Documentation.md","3573","Generated documents must retain this label as text but remove the .md hyperlink.","ADR-0004-parameter-file-layering.md"
"MARKDOWN_LINK_IN_OUTPUT_SOURCE","Warning","docs\build\OpenData-Technical-Documentation.md","3574","Generated documents must retain this label as text but remove the .md hyperlink.","ADR-0005-sql-server-persistence.md"
"MARKDOWN_LINK_IN_OUTPUT_SOURCE","Warning","docs\build\OpenData-Technical-Documentation.md","3575","Generated documents must retain this label as text but remove the .md hyperlink.","ADR-0006-package-info-documentation.md"
"MARKDOWN_LINK_IN_OUTPUT_SOURCE","Warning","docs\build\OpenData-Technical-Documentation.md","3576","Generated documents must retain this label as text but remove the .md hyperlink.","ADR-0007-modular-monolith.md"
"MARKDOWN_LINK_IN_OUTPUT_SOURCE","Warning","docs\build\OpenData-Technical-Documentation.md","3577","Generated documents must retain this label as text but remove the .md hyperlink.","ADR-0008-java-17-records-immutable-models.md"
"MARKDOWN_LINK_IN_OUTPUT_SOURCE","Warning","docs\build\OpenData-Technical-Documentation.md","3578","Generated documents must retain this label as text but remove the .md hyperlink.","ADR-0009-common-staged-etl-pipeline.md"
"MARKDOWN_LINK_IN_OUTPUT_SOURCE","Warning","docs\build\OpenData-Technical-Documentation.md","3579","Generated documents must retain this label as text but remove the .md hyperlink.","ADR-0010-constructor-injection-no-di-framework.md"
"MARKDOWN_LINK_IN_OUTPUT_SOURCE","Warning","docs\build\OpenData-Technical-Documentation.md","3580","Generated documents must retain this label as text but remove the .md hyperlink.","ADR-0011-jdk-http-client-downloads.md"
"MARKDOWN_LINK_IN_OUTPUT_SOURCE","Warning","docs\build\OpenData-Technical-Documentation.md","3581","Generated documents must retain this label as text but remove the .md hyperlink.","ADR-0012-plugin-properties-before-database-configuration.md"
"MARKDOWN_LINK_IN_OUTPUT_SOURCE","Warning","docs\build\OpenData-Technical-Documentation.md","3582","Generated documents must retain this label as text but remove the .md hyperlink.","ADR-0013-plugin-manifest-and-registry.md"
"MARKDOWN_LINK_IN_OUTPUT_SOURCE","Warning","docs\build\OpenData-Technical-Documentation.md","3583","Generated documents must retain this label as text but remove the .md hyperlink.","ADR-0014-framework-metadata-and-plugin-business-tables.md"
"MARKDOWN_LINK_IN_OUTPUT_SOURCE","Warning","docs\build\OpenData-Technical-Documentation.md","3584","Generated documents must retain this label as text but remove the .md hyperlink.","ADR-0015-database-abstraction-sql-server-first.md"
"MARKDOWN_LINK_IN_OUTPUT_SOURCE","Warning","docs\build\OpenData-Technical-Documentation.md","3585","Generated documents must retain this label as text but remove the .md hyperlink.","ADR-0016-exception-hierarchy-and-boundary-translation.md"
"MARKDOWN_LINK_IN_OUTPUT_SOURCE","Warning","docs\build\OpenData-Technical-Documentation.md","3586","Generated documents must retain this label as text but remove the .md hyperlink.","ADR-0017-documentation-as-code.md"
"MARKDOWN_LINK_IN_OUTPUT_SOURCE","Warning","docs\build\OpenData-Technical-Documentation.md","3587","Generated documents must retain this label as text but remove the .md hyperlink.","ADR-0018-minimal-dependencies-standard-java-first.md"
"MARKDOWN_LINK_IN_OUTPUT_SOURCE","Warning","docs\build\OpenData-Technical-Documentation.md","3588","Generated documents must retain this label as text but remove the .md hyperlink.","ADR-0019-ofgem-reference-plugin.md"
"MARKDOWN_LINK_IN_OUTPUT_SOURCE","Warning","docs\build\OpenData-Technical-Documentation.md","3589","Generated documents must retain this label as text but remove the .md hyperlink.","ADR-0020-internal-scheduling-deferred.md"
"MARKDOWN_LINK_IN_OUTPUT_SOURCE","Warning","docs\build\OpenData-Technical-Documentation.md","3590","Generated documents must retain this label as text but remove the .md hyperlink.","ADR-0021-apache-commons-csv.md"
"MARKDOWN_LINK_IN_OUTPUT_SOURCE","Warning","docs\build\OpenData-Technical-Documentation.md","3591","Generated documents must retain this label as text but remove the .md hyperlink.","ADR-0021-configuration-resolution-and-validation.md"
"MARKDOWN_LINK_IN_OUTPUT_SOURCE","Warning","docs\build\OpenData-Technical-Documentation.md","3592","Generated documents must retain this label as text but remove the .md hyperlink.","ADR-0022-jsoup-html-link-discovery.md"
"MARKDOWN_LINK_IN_OUTPUT_SOURCE","Warning","docs\build\OpenData-Technical-Documentation.md","3593","Generated documents must retain this label as text but remove the .md hyperlink.","ADR-0022-cli-control-commands-and-exit-codes.md"
"MARKDOWN_LINK_IN_OUTPUT_SOURCE","Warning","docs\build\OpenData-Technical-Documentation.md","3594","Generated documents must retain this label as text but remove the .md hyperlink.","ADR-0023-apache-poi-excel.md"
"MARKDOWN_LINK_IN_OUTPUT_SOURCE","Warning","docs\build\OpenData-Technical-Documentation.md","3595","Generated documents must retain this label as text but remove the .md hyperlink.","ADR-0023-format-parser-adapters.md"
"MARKDOWN_LINK_IN_OUTPUT_SOURCE","Warning","docs\build\OpenData-Technical-Documentation.md","3596","Generated documents must retain this label as text but remove the .md hyperlink.","ADR-0024-credential-references-not-secrets.md"
"MARKDOWN_LINK_IN_OUTPUT_SOURCE","Warning","docs\build\OpenData-Technical-Documentation.md","3597","Generated documents must retain this label as text but remove the .md hyperlink.","ADR-0024-imap-email-attachment-source.md"
"MARKDOWN_LINK_IN_OUTPUT_SOURCE","Warning","docs\build\OpenData-Technical-Documentation.md","3598","Generated documents must retain this label as text but remove the .md hyperlink.","ADR-0025-database-plugin-configuration-json.md"
"MARKDOWN_LINK_IN_OUTPUT_SOURCE","Warning","docs\build\OpenData-Technical-Documentation.md","3599","Generated documents must retain this label as text but remove the .md hyperlink.","ADR-0025-octopus-email-bill-plugin.md"
"MARKDOWN_LINK_IN_OUTPUT_SOURCE","Warning","docs\build\OpenData-Technical-Documentation.md","3600","Generated documents must retain this label as text but remove the .md hyperlink.","ADR-0026-openmeteo-reference-plugin.md"
"MARKDOWN_LINK_IN_OUTPUT_SOURCE","Warning","docs\build\OpenData-Technical-Documentation.md","3601","Generated documents must retain this label as text but remove the .md hyperlink.","ADR-0026-transactional-octopus-record-persistence.md"
"MARKDOWN_LINK_IN_OUTPUT_SOURCE","Warning","docs\build\OpenData-Technical-Documentation.md","3602","Generated documents must retain this label as text but remove the .md hyperlink.","ADR-0027-idempotent-email-attachment-processing.md"
"MARKDOWN_LINK_IN_OUTPUT_SOURCE","Warning","docs\build\OpenData-Technical-Documentation.md","3603","Generated documents must retain this label as text but remove the .md hyperlink.","ADR-0028-openmeteo-historical-weather-plugin.md"
"MARKDOWN_LINK_IN_OUTPUT_SOURCE","Warning","docs\build\OpenData-Technical-Documentation.md","3604","Generated documents must retain this label as text but remove the .md hyperlink.","ADR-0029-web-file-discovery-and-tabular-parsing.md"
"MARKDOWN_LINK_IN_OUTPUT_SOURCE","Warning","docs\build\OpenData-Technical-Documentation.md","3605","Generated documents must retain this label as text but remove the .md hyperlink.","ADR-0030-managed-database-connection-pool.md"
"MARKDOWN_LINK_IN_OUTPUT_SOURCE","Warning","docs\build\OpenData-Technical-Documentation.md","3606","Generated documents must retain this label as text but remove the .md hyperlink.","ADR-0031-normalised-ofgem-price-cap-schema.md"
"MARKDOWN_LINK_IN_OUTPUT_SOURCE","Warning","docs\build\OpenData-Technical-Documentation.md","3607","Generated documents must retain this label as text but remove the .md hyperlink.","ADR-0032-explicit-jdbc-repositories.md"
"MARKDOWN_LINK_IN_OUTPUT_SOURCE","Warning","docs\build\OpenData-Technical-Documentation.md","3608","Generated documents must retain this label as text but remove the .md hyperlink.","ADR-0033-ordered-idempotent-sql-scripts.md"
"MARKDOWN_LINK_IN_OUTPUT_SOURCE","Warning","docs\build\OpenData-Technical-Documentation.md","3609","Generated documents must retain this label as text but remove the .md hyperlink.","ADR-0034-ingestion-audit-and-source-provenance.md"
"MARKDOWN_LINK_IN_OUTPUT_SOURCE","Warning","docs\build\OpenData-Technical-Documentation.md","3610","Generated documents must retain this label as text but remove the .md hyperlink.","ADR-0035-transactional-period-replacement.md"
"MARKDOWN_LINK_IN_OUTPUT_SOURCE","Warning","docs\build\OpenData-Technical-Documentation.md","3611","Generated documents must retain this label as text but remove the .md hyperlink.","ADR-0036-least-privilege-application-role.md"
"MARKDOWN_LINK_IN_OUTPUT_SOURCE","Warning","docs\build\OpenData-Technical-Documentation.md","3612","Generated documents must retain this label as text but remove the .md hyperlink.","ADR-0037-preserve-source-cell-lineage.md"
"MARKDOWN_LINK_IN_OUTPUT_SOURCE","Warning","docs\build\OpenData-Technical-Documentation.md","3613","Generated documents must retain this label as text but remove the .md hyperlink.","ADR-0038-bounded-parallel-plugin-execution.md"
"MARKDOWN_LINK_IN_OUTPUT_SOURCE","Warning","docs\build\OpenData-Technical-Documentation.md","3614","Generated documents must retain this label as text but remove the .md hyperlink.","ADR-0039-database-concurrency-owned-by-transactions.md"
"MARKDOWN_LINK_IN_OUTPUT_SOURCE","Warning","docs\build\OpenData-Technical-Documentation.md","3615","Generated documents must retain this label as text but remove the .md hyperlink.","ADR-0040-openmeteo-relational-storage.md"
"MARKDOWN_LINK_IN_OUTPUT_SOURCE","Warning","docs\build\OpenData-Technical-Documentation.md","3616","Generated documents must retain this label as text but remove the .md hyperlink.","ADR-0041-contextual-jul-for-concurrent-plugins.md"
"MARKDOWN_LINK_IN_OUTPUT_SOURCE","Warning","docs\build\OpenData-Technical-Documentation.md","3617","Generated documents must retain this label as text but remove the .md hyperlink.","ADR-0042-side-effect-free-dry-run.md"
"MARKDOWN_LINK_IN_OUTPUT_SOURCE","Warning","docs\build\OpenData-Technical-Documentation.md","3618","Generated documents must retain this label as text but remove the .md hyperlink.","ADR-0043-plugin-local-pipeline-packages.md"
"MARKDOWN_LINK_IN_OUTPUT_SOURCE","Warning","docs\build\OpenData-Technical-Documentation.md","3619","Generated documents must retain this label as text but remove the .md hyperlink.","ADR-0044-octopus-energy.md"
"MARKDOWN_LINK_IN_OUTPUT_SOURCE","Warning","docs\build\OpenData-Technical-Documentation.md","3633","Generated documents must retain this label as text but remove the .md hyperlink.","ADR-0030-bounded-parallel-plugin-execution.md"
"MARKDOWN_LINK_IN_OUTPUT_SOURCE","Warning","docs\build\OpenData-Technical-Documentation.md","3633","Generated documents must retain this label as text but remove the .md hyperlink.","ADR-0038-bounded-parallel-plugin-execution.md"
"MARKDOWN_LINK_IN_OUTPUT_SOURCE","Warning","docs\build\OpenData-Technical-Documentation.md","3634","Generated documents must retain this label as text but remove the .md hyperlink.","ADR-0031-database-concurrency-owned-by-transactions.md"
"MARKDOWN_LINK_IN_OUTPUT_SOURCE","Warning","docs\build\OpenData-Technical-Documentation.md","3634","Generated documents must retain this label as text but remove the .md hyperlink.","ADR-0039-database-concurrency-owned-by-transactions.md"
"MARKDOWN_LINK_IN_OUTPUT_SOURCE","Warning","docs\build\OpenData-Technical-Documentation.md","3635","Generated documents must retain this label as text but remove the .md hyperlink.","ADR-0032-openmeteo-relational-storage.md"
"MARKDOWN_LINK_IN_OUTPUT_SOURCE","Warning","docs\build\OpenData-Technical-Documentation.md","3635","Generated documents must retain this label as text but remove the .md hyperlink.","ADR-0040-openmeteo-relational-storage.md"
"MARKDOWN_LINK_IN_OUTPUT_SOURCE","Warning","docs\build\OpenData-Technical-Documentation.md","3636","Generated documents must retain this label as text but remove the .md hyperlink.","ADR-0041-contextual-jul-for-concurrent-plugins.md"
"MARKDOWN_LINK_IN_OUTPUT_SOURCE","Warning","docs\build\OpenData-Technical-Documentation.md","3636","Generated documents must retain this label as text but remove the .md hyperlink.","ADR-0033-contextual-jul-for-concurrent-plugins.md"
"MARKDOWN_LINK_IN_OUTPUT_SOURCE","Warning","docs\build\OpenData-Technical-Documentation.md","3659","Generated documents must retain this label as text but remove the .md hyperlink.","ADR-REGISTER.md"
"MARKDOWN_LINK_IN_OUTPUT_SOURCE","Warning","docs\build\OpenData-Technical-Documentation.md","3660","Generated documents must retain this label as text but remove the .md hyperlink.","../architecture/ARCHITECTURE.md"
"MARKDOWN_LINK_IN_OUTPUT_SOURCE","Warning","docs\build\OpenData-Technical-Documentation.md","3683","Generated documents must retain this label as text but remove the .md hyperlink.","ADR-REGISTER.md"
"MARKDOWN_LINK_IN_OUTPUT_SOURCE","Warning","docs\build\OpenData-Technical-Documentation.md","3684","Generated documents must retain this label as text but remove the .md hyperlink.","../architecture/ARCHITECTURE.md"
"MARKDOWN_LINK_IN_OUTPUT_SOURCE","Warning","docs\build\OpenData-Technical-Documentation.md","3707","Generated documents must retain this label as text but remove the .md hyperlink.","ADR-REGISTER.md"
"MARKDOWN_LINK_IN_OUTPUT_SOURCE","Warning","docs\build\OpenData-Technical-Documentation.md","3708","Generated documents must retain this label as text but remove the .md hyperlink.","../architecture/ARCHITECTURE.md"
"MARKDOWN_LINK_IN_OUTPUT_SOURCE","Warning","docs\build\OpenData-Technical-Documentation.md","3731","Generated documents must retain this label as text but remove the .md hyperlink.","ADR-REGISTER.md"
"MARKDOWN_LINK_IN_OUTPUT_SOURCE","Warning","docs\build\OpenData-Technical-Documentation.md","3732","Generated documents must retain this label as text but remove the .md hyperlink.","../architecture/ARCHITECTURE.md"
"MARKDOWN_LINK_IN_OUTPUT_SOURCE","Warning","docs\build\OpenData-Technical-Documentation.md","3755","Generated documents must retain this label as text but remove the .md hyperlink.","ADR-REGISTER.md"
"MARKDOWN_LINK_IN_OUTPUT_SOURCE","Warning","docs\build\OpenData-Technical-Documentation.md","3756","Generated documents must retain this label as text but remove the .md hyperlink.","../architecture/ARCHITECTURE.md"
"MARKDOWN_LINK_IN_OUTPUT_SOURCE","Warning","docs\build\OpenData-Technical-Documentation.md","3779","Generated documents must retain this label as text but remove the .md hyperlink.","ADR-REGISTER.md"
"MARKDOWN_LINK_IN_OUTPUT_SOURCE","Warning","docs\build\OpenData-Technical-Documentation.md","3780","Generated documents must retain this label as text but remove the .md hyperlink.","../architecture/ARCHITECTURE.md"
"MARKDOWN_LINK_IN_OUTPUT_SOURCE","Warning","docs\build\OpenData-Technical-Documentation.md","3803","Generated documents must retain this label as text but remove the .md hyperlink.","ADR-REGISTER.md"
"MARKDOWN_LINK_IN_OUTPUT_SOURCE","Warning","docs\build\OpenData-Technical-Documentation.md","3804","Generated documents must retain this label as text but remove the .md hyperlink.","../architecture/ARCHITECTURE.md"
"MARKDOWN_LINK_IN_OUTPUT_SOURCE","Warning","docs\build\OpenData-Technical-Documentation.md","3827","Generated documents must retain this label as text but remove the .md hyperlink.","ADR-REGISTER.md"
"MARKDOWN_LINK_IN_OUTPUT_SOURCE","Warning","docs\build\OpenData-Technical-Documentation.md","3828","Generated documents must retain this label as text but remove the .md hyperlink.","../architecture/ARCHITECTURE.md"
"MARKDOWN_LINK_IN_OUTPUT_SOURCE","Warning","docs\build\OpenData-Technical-Documentation.md","3851","Generated documents must retain this label as text but remove the .md hyperlink.","ADR-REGISTER.md"
"MARKDOWN_LINK_IN_OUTPUT_SOURCE","Warning","docs\build\OpenData-Technical-Documentation.md","3852","Generated documents must retain this label as text but remove the .md hyperlink.","../architecture/ARCHITECTURE.md"
"MARKDOWN_LINK_IN_OUTPUT_SOURCE","Warning","docs\build\OpenData-Technical-Documentation.md","3875","Generated documents must retain this label as text but remove the .md hyperlink.","ADR-REGISTER.md"
"MARKDOWN_LINK_IN_OUTPUT_SOURCE","Warning","docs\build\OpenData-Technical-Documentation.md","3876","Generated documents must retain this label as text but remove the .md hyperlink.","../architecture/ARCHITECTURE.md"
"MARKDOWN_LINK_IN_OUTPUT_SOURCE","Warning","docs\build\OpenData-Technical-Documentation.md","3899","Generated documents must retain this label as text but remove the .md hyperlink.","ADR-REGISTER.md"
"MARKDOWN_LINK_IN_OUTPUT_SOURCE","Warning","docs\build\OpenData-Technical-Documentation.md","3900","Generated documents must retain this label as text but remove the .md hyperlink.","../architecture/ARCHITECTURE.md"
"MARKDOWN_LINK_IN_OUTPUT_SOURCE","Warning","docs\build\OpenData-Technical-Documentation.md","3923","Generated documents must retain this label as text but remove the .md hyperlink.","ADR-REGISTER.md"
"MARKDOWN_LINK_IN_OUTPUT_SOURCE","Warning","docs\build\OpenData-Technical-Documentation.md","3924","Generated documents must retain this label as text but remove the .md hyperlink.","../architecture/ARCHITECTURE.md"
"MARKDOWN_LINK_IN_OUTPUT_SOURCE","Warning","docs\build\OpenData-Technical-Documentation.md","3947","Generated documents must retain this label as text but remove the .md hyperlink.","ADR-REGISTER.md"
"MARKDOWN_LINK_IN_OUTPUT_SOURCE","Warning","docs\build\OpenData-Technical-Documentation.md","3948","Generated documents must retain this label as text but remove the .md hyperlink.","../architecture/ARCHITECTURE.md"
"MARKDOWN_LINK_IN_OUTPUT_SOURCE","Warning","docs\build\OpenData-Technical-Documentation.md","4029","Generated documents must retain this label as text but remove the .md hyperlink.","ADR-REGISTER.md"
"MARKDOWN_LINK_IN_OUTPUT_SOURCE","Warning","docs\build\OpenData-Technical-Documentation.md","4030","Generated documents must retain this label as text but remove the .md hyperlink.","../architecture/ARCHITECTURE.md"
"MARKDOWN_LINK_IN_OUTPUT_SOURCE","Warning","docs\build\OpenData-Technical-Documentation.md","4053","Generated documents must retain this label as text but remove the .md hyperlink.","ADR-REGISTER.md"
"MARKDOWN_LINK_IN_OUTPUT_SOURCE","Warning","docs\build\OpenData-Technical-Documentation.md","4054","Generated documents must retain this label as text but remove the .md hyperlink.","../architecture/ARCHITECTURE.md"
"MARKDOWN_LINK_IN_OUTPUT_SOURCE","Warning","docs\build\OpenData-Technical-Documentation.md","4077","Generated documents must retain this label as text but remove the .md hyperlink.","ADR-REGISTER.md"
"MARKDOWN_LINK_IN_OUTPUT_SOURCE","Warning","docs\build\OpenData-Technical-Documentation.md","4078","Generated documents must retain this label as text but remove the .md hyperlink.","../architecture/ARCHITECTURE.md"
"MARKDOWN_LINK_IN_OUTPUT_SOURCE","Warning","docs\build\OpenData-Technical-Documentation.md","4101","Generated documents must retain this label as text but remove the .md hyperlink.","ADR-REGISTER.md"
"MARKDOWN_LINK_IN_OUTPUT_SOURCE","Warning","docs\build\OpenData-Technical-Documentation.md","4102","Generated documents must retain this label as text but remove the .md hyperlink.","../architecture/ARCHITECTURE.md"
"MARKDOWN_LINK_IN_OUTPUT_SOURCE","Warning","docs\build\OpenData-Technical-Documentation.md","4125","Generated documents must retain this label as text but remove the .md hyperlink.","ADR-REGISTER.md"
"MARKDOWN_LINK_IN_OUTPUT_SOURCE","Warning","docs\build\OpenData-Technical-Documentation.md","4126","Generated documents must retain this label as text but remove the .md hyperlink.","../architecture/ARCHITECTURE.md"
"MARKDOWN_LINK_IN_OUTPUT_SOURCE","Warning","docs\build\OpenData-Technical-Documentation.md","4149","Generated documents must retain this label as text but remove the .md hyperlink.","ADR-REGISTER.md"
"MARKDOWN_LINK_IN_OUTPUT_SOURCE","Warning","docs\build\OpenData-Technical-Documentation.md","4150","Generated documents must retain this label as text but remove the .md hyperlink.","../architecture/ARCHITECTURE.md"
"MARKDOWN_LINK_IN_OUTPUT_SOURCE","Warning","docs\build\OpenData-Technical-Documentation.md","4173","Generated documents must retain this label as text but remove the .md hyperlink.","ADR-REGISTER.md"
"MARKDOWN_LINK_IN_OUTPUT_SOURCE","Warning","docs\build\OpenData-Technical-Documentation.md","4174","Generated documents must retain this label as text but remove the .md hyperlink.","../architecture/ARCHITECTURE.md"
"MARKDOWN_LINK_IN_OUTPUT_SOURCE","Warning","docs\build\OpenData-Technical-Documentation.md","4291","Generated documents must retain this label as text but remove the .md hyperlink.","ADR-REGISTER.md"
"MARKDOWN_LINK_IN_OUTPUT_SOURCE","Warning","docs\build\OpenData-Technical-Documentation.md","4292","Generated documents must retain this label as text but remove the .md hyperlink.","../architecture/ARCHITECTURE.md"
"MARKDOWN_LINK_IN_OUTPUT_SOURCE","Warning","docs\build\OpenData-Technical-Documentation.md","4315","Generated documents must retain this label as text but remove the .md hyperlink.","ADR-REGISTER.md"
"MARKDOWN_LINK_IN_OUTPUT_SOURCE","Warning","docs\build\OpenData-Technical-Documentation.md","4316","Generated documents must retain this label as text but remove the .md hyperlink.","../architecture/ARCHITECTURE.md"
"MARKDOWN_LINK_IN_OUTPUT_SOURCE","Warning","docs\build\OpenData-Technical-Documentation.md","4389","Generated documents must retain this label as text but remove the .md hyperlink.","ADR-REGISTER.md"
"MARKDOWN_LINK_IN_OUTPUT_SOURCE","Warning","docs\build\OpenData-Technical-Documentation.md","4390","Generated documents must retain this label as text but remove the .md hyperlink.","../architecture/ARCHITECTURE.md"
"MARKDOWN_LINK_IN_OUTPUT_SOURCE","Warning","docs\build\OpenData-Technical-Documentation.md","4460","Generated documents must retain this label as text but remove the .md hyperlink.","ADR-REGISTER.md"
"MARKDOWN_LINK_IN_OUTPUT_SOURCE","Warning","docs\build\OpenData-Technical-Documentation.md","4461","Generated documents must retain this label as text but remove the .md hyperlink.","../architecture/ARCHITECTURE.md"
"MARKDOWN_LINK_IN_OUTPUT_SOURCE","Warning","docs\build\OpenData-Technical-Documentation.md","4524","Generated documents must retain this label as text but remove the .md hyperlink.","ADR-REGISTER.md"
"MARKDOWN_LINK_IN_OUTPUT_SOURCE","Warning","docs\build\OpenData-Technical-Documentation.md","4525","Generated documents must retain this label as text but remove the .md hyperlink.","../architecture/ARCHITECTURE.md"
"MARKDOWN_LINK_IN_OUTPUT_SOURCE","Warning","docs\build\OpenData-Technical-Documentation.md","4703","Generated documents must retain this label as text but remove the .md hyperlink.","ADR-0038-bounded-parallel-plugin-execution.md"
"MARKDOWN_LINK_IN_OUTPUT_SOURCE","Warning","docs\build\OpenData-Technical-Documentation.md","4784","Generated documents must retain this label as text but remove the .md hyperlink.","ADR-0039-database-concurrency-owned-by-transactions.md"
"MARKDOWN_LINK_IN_OUTPUT_SOURCE","Warning","docs\build\OpenData-Technical-Documentation.md","4902","Generated documents must retain this label as text but remove the .md hyperlink.","ADR-0040-openmeteo-relational-storage.md"
"MARKDOWN_LINK_IN_OUTPUT_SOURCE","Warning","docs\build\OpenData-Technical-Documentation.md","4931","Generated documents must retain this label as text but remove the .md hyperlink.","ADR-0041-contextual-jul-for-concurrent-plugins.md"
"MARKDOWN_LINK_IN_OUTPUT_SOURCE","Warning","docs\build\OpenData-Technical-Documentation.md","5838","Generated documents must retain this label as text but remove the .md hyperlink.","UNRESOLVED-TOOLCHAIN-AND-SPECIFICATION-GAPS-2026-07-26.md"
"MARKDOWN_LINK_IN_OUTPUT_SOURCE","Warning","docs\build\OpenData-Technical-Documentation.md","5844","Generated documents must retain this label as text but remove the .md hyperlink.","../architecture/CURRENT-CODE-INVENTORY.md"
"MARKDOWN_LINK_IN_OUTPUT_SOURCE","Warning","docs\build\OpenData-Technical-Documentation.md","5861","Generated documents must retain this label as text but remove the .md hyperlink.","DOCUMENTATION-GAP-ANALYSIS-2026-07-26.md"
"MARKDOWN_LINK_IN_OUTPUT_SOURCE","Warning","docs\build\OpenData-Technical-User-Guide.md","61","Generated documents must retain this label as text but remove the .md hyperlink.","01-introduction.md"
"MARKDOWN_LINK_IN_OUTPUT_SOURCE","Warning","docs\build\OpenData-Technical-User-Guide.md","62","Generated documents must retain this label as text but remove the .md hyperlink.","02-prerequisites-and-installation.md"
"MARKDOWN_LINK_IN_OUTPUT_SOURCE","Warning","docs\build\OpenData-Technical-User-Guide.md","63","Generated documents must retain this label as text but remove the .md hyperlink.","03-sql-server-setup.md"
"MARKDOWN_LINK_IN_OUTPUT_SOURCE","Warning","docs\build\OpenData-Technical-User-Guide.md","64","Generated documents must retain this label as text but remove the .md hyperlink.","04-configuration.md"
"MARKDOWN_LINK_IN_OUTPUT_SOURCE","Warning","docs\build\OpenData-Technical-User-Guide.md","65","Generated documents must retain this label as text but remove the .md hyperlink.","05-command-line-use.md"
"MARKDOWN_LINK_IN_OUTPUT_SOURCE","Warning","docs\build\OpenData-Technical-User-Guide.md","66","Generated documents must retain this label as text but remove the .md hyperlink.","06-ofgem-price-cap-plugin.md"
"MARKDOWN_LINK_IN_OUTPUT_SOURCE","Warning","docs\build\OpenData-Technical-User-Guide.md","67","Generated documents must retain this label as text but remove the .md hyperlink.","07-openmeteo-weather-plugin.md"
"MARKDOWN_LINK_IN_OUTPUT_SOURCE","Warning","docs\build\OpenData-Technical-User-Guide.md","68","Generated documents must retain this label as text but remove the .md hyperlink.","08-octopus-energy-statements.md"
"MARKDOWN_LINK_IN_OUTPUT_SOURCE","Warning","docs\build\OpenData-Technical-User-Guide.md","69","Generated documents must retain this label as text but remove the .md hyperlink.","08-multiple-plugins-and-parallelism.md"
"MARKDOWN_LINK_IN_OUTPUT_SOURCE","Warning","docs\build\OpenData-Technical-User-Guide.md","70","Generated documents must retain this label as text but remove the .md hyperlink.","09-dry-runs.md"
"MARKDOWN_LINK_IN_OUTPUT_SOURCE","Warning","docs\build\OpenData-Technical-User-Guide.md","71","Generated documents must retain this label as text but remove the .md hyperlink.","10-logs-audit-and-troubleshooting.md"
"MARKDOWN_LINK_IN_OUTPUT_SOURCE","Warning","docs\build\OpenData-Technical-User-Guide.md","72","Generated documents must retain this label as text but remove the .md hyperlink.","11-maintenance-and-security.md"
"MARKDOWN_LINK_IN_OUTPUT_SOURCE","Warning","docs\build\OpenData-Technical-User-Guide.md","75","Generated documents must retain this label as text but remove the .md hyperlink.","../guides/quick-start.md"
"MARKDOWN_LINK_IN_OUTPUT_SOURCE","Warning","docs\build\OpenData-Technical-User-Guide.md","76","Generated documents must retain this label as text but remove the .md hyperlink.","../operations/operations-runbook.md"
"MARKDOWN_LINK_IN_OUTPUT_SOURCE","Warning","docs\build\OpenData-Technical-User-Guide.md","181","Generated documents must retain this label as text but remove the .md hyperlink.","03-sql-server-setup.md"
"MARKDOWN_LINK_IN_OUTPUT_SOURCE","Warning","docs\build\OpenData-Technical-User-Guide.md","240","Generated documents must retain this label as text but remove the .md hyperlink.","04-configuration.md"
"MARKDOWN_LINK_IN_OUTPUT_SOURCE","Warning","docs\build\OpenData-Technical-User-Guide.md","241","Generated documents must retain this label as text but remove the .md hyperlink.","../guides/sql-server-bootstrap.md"
"MARKDOWN_LINK_IN_OUTPUT_SOURCE","Warning","docs\build\OpenData-Technical-User-Guide.md","445","Generated documents must retain this label as text but remove the .md hyperlink.","../reference/command-line-reference.md"
"MARKDOWN_LINK_IN_OUTPUT_SOURCE","Warning","docs\build\OpenData-Technical-User-Guide.md","720","Generated documents must retain this label as text but remove the .md hyperlink.","../operations/backup-and-recovery.md"
"MARKDOWN_LINK_IN_OUTPUT_SOURCE","Warning","docs\build\technical-document-inventory.md","7","Generated documents must retain this label as text but remove the .md hyperlink.","../../docs/README.md"
"MARKDOWN_LINK_IN_OUTPUT_SOURCE","Warning","docs\build\technical-document-inventory.md","8","Generated documents must retain this label as text but remove the .md hyperlink.","../../docs/shared/introduction.md"
"MARKDOWN_LINK_IN_OUTPUT_SOURCE","Warning","docs\build\technical-document-inventory.md","9","Generated documents must retain this label as text but remove the .md hyperlink.","../../docs/architecture/ARCHITECTURE.md"
"MARKDOWN_LINK_IN_OUTPUT_SOURCE","Warning","docs\build\technical-document-inventory.md","10","Generated documents must retain this label as text but remove the .md hyperlink.","../../docs/architecture/001-project-vision.md"
"MARKDOWN_LINK_IN_OUTPUT_SOURCE","Warning","docs\build\technical-document-inventory.md","11","Generated documents must retain this label as text but remove the .md hyperlink.","../../docs/architecture/002-system-overview.md"
"MARKDOWN_LINK_IN_OUTPUT_SOURCE","Warning","docs\build\technical-document-inventory.md","12","Generated documents must retain this label as text but remove the .md hyperlink.","../../docs/architecture/003-high-level-architecture.md"
"MARKDOWN_LINK_IN_OUTPUT_SOURCE","Warning","docs\build\technical-document-inventory.md","13","Generated documents must retain this label as text but remove the .md hyperlink.","../../docs/architecture/004-package-structure.md"
"MARKDOWN_LINK_IN_OUTPUT_SOURCE","Warning","docs\build\technical-document-inventory.md","14","Generated documents must retain this label as text but remove the .md hyperlink.","../../docs/architecture/005-dependency-rules.md"
"MARKDOWN_LINK_IN_OUTPUT_SOURCE","Warning","docs\build\technical-document-inventory.md","15","Generated documents must retain this label as text but remove the .md hyperlink.","../../docs/architecture/006-layered-architecture.md"
"MARKDOWN_LINK_IN_OUTPUT_SOURCE","Warning","docs\build\technical-document-inventory.md","16","Generated documents must retain this label as text but remove the .md hyperlink.","../../docs/architecture/007-plugin-architecture.md"
"MARKDOWN_LINK_IN_OUTPUT_SOURCE","Warning","docs\build\technical-document-inventory.md","17","Generated documents must retain this label as text but remove the .md hyperlink.","../../docs/architecture/008-pipeline-engine.md"
"MARKDOWN_LINK_IN_OUTPUT_SOURCE","Warning","docs\build\technical-document-inventory.md","18","Generated documents must retain this label as text but remove the .md hyperlink.","../../docs/architecture/009-dataset-lifecycle.md"
"MARKDOWN_LINK_IN_OUTPUT_SOURCE","Warning","docs\build\technical-document-inventory.md","19","Generated documents must retain this label as text but remove the .md hyperlink.","../../docs/architecture/010-component-interactions.md"
"MARKDOWN_LINK_IN_OUTPUT_SOURCE","Warning","docs\build\technical-document-inventory.md","20","Generated documents must retain this label as text but remove the .md hyperlink.","../../docs/architecture/011-configuration.md"
"MARKDOWN_LINK_IN_OUTPUT_SOURCE","Warning","docs\build\technical-document-inventory.md","21","Generated documents must retain this label as text but remove the .md hyperlink.","../../docs/architecture/012-logging.md"
"MARKDOWN_LINK_IN_OUTPUT_SOURCE","Warning","docs\build\technical-document-inventory.md","22","Generated documents must retain this label as text but remove the .md hyperlink.","../../docs/architecture/013-exception-strategy.md"
"MARKDOWN_LINK_IN_OUTPUT_SOURCE","Warning","docs\build\technical-document-inventory.md","23","Generated documents must retain this label as text but remove the .md hyperlink.","../../docs/architecture/014-database-architecture.md"
"MARKDOWN_LINK_IN_OUTPUT_SOURCE","Warning","docs\build\technical-document-inventory.md","24","Generated documents must retain this label as text but remove the .md hyperlink.","../../docs/architecture/015-future-architecture.md"
"MARKDOWN_LINK_IN_OUTPUT_SOURCE","Warning","docs\build\technical-document-inventory.md","25","Generated documents must retain this label as text but remove the .md hyperlink.","../../docs/architecture/016-download-and-parsing.md"
"MARKDOWN_LINK_IN_OUTPUT_SOURCE","Warning","docs\build\technical-document-inventory.md","26","Generated documents must retain this label as text but remove the .md hyperlink.","../../docs/architecture/017-security-and-credentials.md"
"MARKDOWN_LINK_IN_OUTPUT_SOURCE","Warning","docs\build\technical-document-inventory.md","27","Generated documents must retain this label as text but remove the .md hyperlink.","../../docs/architecture/018-testing-and-quality.md"
"MARKDOWN_LINK_IN_OUTPUT_SOURCE","Warning","docs\build\technical-document-inventory.md","28","Generated documents must retain this label as text but remove the .md hyperlink.","../../docs/architecture/019-database-persistence-and-pooling.md"
"MARKDOWN_LINK_IN_OUTPUT_SOURCE","Warning","docs\build\technical-document-inventory.md","29","Generated documents must retain this label as text but remove the .md hyperlink.","../../docs/architecture/020-ingestion-audit-and-provenance.md"
"MARKDOWN_LINK_IN_OUTPUT_SOURCE","Warning","docs\build\technical-document-inventory.md","30","Generated documents must retain this label as text but remove the .md hyperlink.","../../docs/architecture/021-ofgem-price-cap-architecture.md"
"MARKDOWN_LINK_IN_OUTPUT_SOURCE","Warning","docs\build\technical-document-inventory.md","31","Generated documents must retain this label as text but remove the .md hyperlink.","../../docs/architecture/022-deployment-and-environments.md"
"MARKDOWN_LINK_IN_OUTPUT_SOURCE","Warning","docs\build\technical-document-inventory.md","32","Generated documents must retain this label as text but remove the .md hyperlink.","../../docs/architecture/023-operational-failure-and-recovery.md"
"MARKDOWN_LINK_IN_OUTPUT_SOURCE","Warning","docs\build\technical-document-inventory.md","33","Generated documents must retain this label as text but remove the .md hyperlink.","../../docs/architecture/024-architecture-traceability.md"
"MARKDOWN_LINK_IN_OUTPUT_SOURCE","Warning","docs\build\technical-document-inventory.md","34","Generated documents must retain this label as text but remove the .md hyperlink.","../../docs/architecture/CURRENT-CODE-INVENTORY.md"
"MARKDOWN_LINK_IN_OUTPUT_SOURCE","Warning","docs\build\technical-document-inventory.md","35","Generated documents must retain this label as text but remove the .md hyperlink.","../../docs/architecture/database-concurrency.md"
"MARKDOWN_LINK_IN_OUTPUT_SOURCE","Warning","docs\build\technical-document-inventory.md","36","Generated documents must retain this label as text but remove the .md hyperlink.","../../docs/architecture/DOCUMENTATION-AUDIT.md"
"MARKDOWN_LINK_IN_OUTPUT_SOURCE","Warning","docs\build\technical-document-inventory.md","37","Generated documents must retain this label as text but remove the .md hyperlink.","../../docs/architecture/download-and-parsing.md"
"MARKDOWN_LINK_IN_OUTPUT_SOURCE","Warning","docs\build\technical-document-inventory.md","38","Generated documents must retain this label as text but remove the .md hyperlink.","../../docs/architecture/parallel-plugin-runtime.md"
"MARKDOWN_LINK_IN_OUTPUT_SOURCE","Warning","docs\build\technical-document-inventory.md","39","Generated documents must retain this label as text but remove the .md hyperlink.","../../docs/architecture/PHASE-2-WEB-FILE-INGESTION.md"
"MARKDOWN_LINK_IN_OUTPUT_SOURCE","Warning","docs\build\technical-document-inventory.md","40","Generated documents must retain this label as text but remove the .md hyperlink.","../../docs/architecture/PHASE-3-DATABASE-PERSISTENCE.md"
"MARKDOWN_LINK_IN_OUTPUT_SOURCE","Warning","docs\build\technical-document-inventory.md","41","Generated documents must retain this label as text but remove the .md hyperlink.","../../docs/development/Build-CI-and-Release-Guide.md"
"MARKDOWN_LINK_IN_OUTPUT_SOURCE","Warning","docs\build\technical-document-inventory.md","42","Generated documents must retain this label as text but remove the .md hyperlink.","../../docs/development/dependency-management.md"
"MARKDOWN_LINK_IN_OUTPUT_SOURCE","Warning","docs\build\technical-document-inventory.md","43","Generated documents must retain this label as text but remove the .md hyperlink.","../../docs/development/Java-Quality-Guide.md"
"MARKDOWN_LINK_IN_OUTPUT_SOURCE","Warning","docs\build\technical-document-inventory.md","44","Generated documents must retain this label as text but remove the .md hyperlink.","../../docs/development/local-build-test-run.md"
"MARKDOWN_LINK_IN_OUTPUT_SOURCE","Warning","docs\build\technical-document-inventory.md","45","Generated documents must retain this label as text but remove the .md hyperlink.","../../docs/development/README.md"
"MARKDOWN_LINK_IN_OUTPUT_SOURCE","Warning","docs\build\technical-document-inventory.md","46","Generated documents must retain this label as text but remove the .md hyperlink.","../../docs/development/release-and-versioning.md"
"MARKDOWN_LINK_IN_OUTPUT_SOURCE","Warning","docs\build\technical-document-inventory.md","47","Generated documents must retain this label as text but remove the .md hyperlink.","../../docs/standards/coding-standard.md"
"MARKDOWN_LINK_IN_OUTPUT_SOURCE","Warning","docs\build\technical-document-inventory.md","48","Generated documents must retain this label as text but remove the .md hyperlink.","../../docs/standards/documentation-standard.md"
"MARKDOWN_LINK_IN_OUTPUT_SOURCE","Warning","docs\build\technical-document-inventory.md","49","Generated documents must retain this label as text but remove the .md hyperlink.","../../docs/standards/README.md"
"MARKDOWN_LINK_IN_OUTPUT_SOURCE","Warning","docs\build\technical-document-inventory.md","50","Generated documents must retain this label as text but remove the .md hyperlink.","../../docs/standards/security-standard.md"
"MARKDOWN_LINK_IN_OUTPUT_SOURCE","Warning","docs\build\technical-document-inventory.md","51","Generated documents must retain this label as text but remove the .md hyperlink.","../../docs/standards/testing-standard.md"
"MARKDOWN_LINK_IN_OUTPUT_SOURCE","Warning","docs\build\technical-document-inventory.md","52","Generated documents must retain this label as text but remove the .md hyperlink.","../../docs/guides/adding-a-csv-plugin.md"
"MARKDOWN_LINK_IN_OUTPUT_SOURCE","Warning","docs\build\technical-document-inventory.md","53","Generated documents must retain this label as text but remove the .md hyperlink.","../../docs/guides/adding-an-excel-plugin.md"
"MARKDOWN_LINK_IN_OUTPUT_SOURCE","Warning","docs\build\technical-document-inventory.md","54","Generated documents must retain this label as text but remove the .md hyperlink.","../../docs/guides/adding-a-plugin.md"
"MARKDOWN_LINK_IN_OUTPUT_SOURCE","Warning","docs\build\technical-document-inventory.md","55","Generated documents must retain this label as text but remove the .md hyperlink.","../../docs/guides/adding-html-link-discovery.md"
"MARKDOWN_LINK_IN_OUTPUT_SOURCE","Warning","docs\build\technical-document-inventory.md","56","Generated documents must retain this label as text but remove the .md hyperlink.","../../docs/guides/configuring-api-credentials.md"
"MARKDOWN_LINK_IN_OUTPUT_SOURCE","Warning","docs\build\technical-document-inventory.md","57","Generated documents must retain this label as text but remove the .md hyperlink.","../../docs/guides/database-configuration-and-security.md"
"MARKDOWN_LINK_IN_OUTPUT_SOURCE","Warning","docs\build\technical-document-inventory.md","58","Generated documents must retain this label as text but remove the .md hyperlink.","../../docs/guides/database-troubleshooting.md"
"MARKDOWN_LINK_IN_OUTPUT_SOURCE","Warning","docs\build\technical-document-inventory.md","59","Generated documents must retain this label as text but remove the .md hyperlink.","../../docs/guides/plugin-contract-migration.md"
"MARKDOWN_LINK_IN_OUTPUT_SOURCE","Warning","docs\build\technical-document-inventory.md","60","Generated documents must retain this label as text but remove the .md hyperlink.","../../docs/guides/README.md"
"MARKDOWN_LINK_IN_OUTPUT_SOURCE","Warning","docs\build\technical-document-inventory.md","61","Generated documents must retain this label as text but remove the .md hyperlink.","../../docs/guides/running-and-testing.md"
"MARKDOWN_LINK_IN_OUTPUT_SOURCE","Warning","docs\build\technical-document-inventory.md","62","Generated documents must retain this label as text but remove the .md hyperlink.","../../docs/guides/running-plugins.md"
"MARKDOWN_LINK_IN_OUTPUT_SOURCE","Warning","docs\build\technical-document-inventory.md","63","Generated documents must retain this label as text but remove the .md hyperlink.","../../docs/guides/run-ofgem-price-cap-import.md"
"MARKDOWN_LINK_IN_OUTPUT_SOURCE","Warning","docs\build\technical-document-inventory.md","64","Generated documents must retain this label as text but remove the .md hyperlink.","../../docs/guides/sql-server-bootstrap.md"
"MARKDOWN_LINK_IN_OUTPUT_SOURCE","Warning","docs\build\technical-document-inventory.md","65","Generated documents must retain this label as text but remove the .md hyperlink.","../../docs/operations/backup-and-recovery.md"
"MARKDOWN_LINK_IN_OUTPUT_SOURCE","Warning","docs\build\technical-document-inventory.md","66","Generated documents must retain this label as text but remove the .md hyperlink.","../../docs/operations/logging-and-pool.md"
"MARKDOWN_LINK_IN_OUTPUT_SOURCE","Warning","docs\build\technical-document-inventory.md","67","Generated documents must retain this label as text but remove the .md hyperlink.","../../docs/operations/monitoring-and-diagnostics.md"
"MARKDOWN_LINK_IN_OUTPUT_SOURCE","Warning","docs\build\technical-document-inventory.md","68","Generated documents must retain this label as text but remove the .md hyperlink.","../../docs/operations/operations-runbook.md"
"MARKDOWN_LINK_IN_OUTPUT_SOURCE","Warning","docs\build\technical-document-inventory.md","69","Generated documents must retain this label as text but remove the .md hyperlink.","../../docs/operations/README.md"
"MARKDOWN_LINK_IN_OUTPUT_SOURCE","Warning","docs\build\technical-document-inventory.md","70","Generated documents must retain this label as text but remove the .md hyperlink.","../../docs/plugins/ofgem/data-model.md"
"MARKDOWN_LINK_IN_OUTPUT_SOURCE","Warning","docs\build\technical-document-inventory.md","71","Generated documents must retain this label as text but remove the .md hyperlink.","../../docs/plugins/ofgem/README.md"
"MARKDOWN_LINK_IN_OUTPUT_SOURCE","Warning","docs\build\technical-document-inventory.md","72","Generated documents must retain this label as text but remove the .md hyperlink.","../../docs/plugins/ofgem/workbook-mapping.md"
"MARKDOWN_LINK_IN_OUTPUT_SOURCE","Warning","docs\build\technical-document-inventory.md","73","Generated documents must retain this label as text but remove the .md hyperlink.","../../docs/plugins/openmeteo/MIGRATION-NOTES.md"
"MARKDOWN_LINK_IN_OUTPUT_SOURCE","Warning","docs\build\technical-document-inventory.md","74","Generated documents must retain this label as text but remove the .md hyperlink.","../../docs/plugins/openmeteo/README.md"
"MARKDOWN_LINK_IN_OUTPUT_SOURCE","Warning","docs\build\technical-document-inventory.md","75","Generated documents must retain this label as text but remove the .md hyperlink.","../../docs/plugins/README.md"
"MARKDOWN_LINK_IN_OUTPUT_SOURCE","Warning","docs\build\technical-document-inventory.md","76","Generated documents must retain this label as text but remove the .md hyperlink.","../../docs/reference/command-line-reference.md"
"MARKDOWN_LINK_IN_OUTPUT_SOURCE","Warning","docs\build\technical-document-inventory.md","77","Generated documents must retain this label as text but remove the .md hyperlink.","../../docs/reference/configuration-reference.md"
"MARKDOWN_LINK_IN_OUTPUT_SOURCE","Warning","docs\build\technical-document-inventory.md","78","Generated documents must retain this label as text but remove the .md hyperlink.","../../docs/reference/csv-parsing.md"
"MARKDOWN_LINK_IN_OUTPUT_SOURCE","Warning","docs\build\technical-document-inventory.md","79","Generated documents must retain this label as text but remove the .md hyperlink.","../../docs/reference/database-configuration.md"
"MARKDOWN_LINK_IN_OUTPUT_SOURCE","Warning","docs\build\technical-document-inventory.md","80","Generated documents must retain this label as text but remove the .md hyperlink.","../../docs/reference/database-schema-reference.md"
"MARKDOWN_LINK_IN_OUTPUT_SOURCE","Warning","docs\build\technical-document-inventory.md","81","Generated documents must retain this label as text but remove the .md hyperlink.","../../docs/reference/excel-parsing.md"
"MARKDOWN_LINK_IN_OUTPUT_SOURCE","Warning","docs\build\technical-document-inventory.md","82","Generated documents must retain this label as text but remove the .md hyperlink.","../../docs/reference/html-link-discovery.md"
"MARKDOWN_LINK_IN_OUTPUT_SOURCE","Warning","docs\build\technical-document-inventory.md","83","Generated documents must retain this label as text but remove the .md hyperlink.","../../docs/reference/ingestion-audit-reference.md"
"MARKDOWN_LINK_IN_OUTPUT_SOURCE","Warning","docs\build\technical-document-inventory.md","84","Generated documents must retain this label as text but remove the .md hyperlink.","../../docs/reference/ofgem-plugin.md"
"MARKDOWN_LINK_IN_OUTPUT_SOURCE","Warning","docs\build\technical-document-inventory.md","85","Generated documents must retain this label as text but remove the .md hyperlink.","../../docs/reference/ofgem-plugin-configuration.md"
"MARKDOWN_LINK_IN_OUTPUT_SOURCE","Warning","docs\build\technical-document-inventory.md","86","Generated documents must retain this label as text but remove the .md hyperlink.","../../docs/reference/ofgem-price-cap-data-dictionary.md"
"MARKDOWN_LINK_IN_OUTPUT_SOURCE","Warning","docs\build\technical-document-inventory.md","87","Generated documents must retain this label as text but remove the .md hyperlink.","../../docs/reference/openmeteo-plugin.md"
"MARKDOWN_LINK_IN_OUTPUT_SOURCE","Warning","docs\build\technical-document-inventory.md","88","Generated documents must retain this label as text but remove the .md hyperlink.","../../docs/reference/openmeteo-schema.md"
"MARKDOWN_LINK_IN_OUTPUT_SOURCE","Warning","docs\build\technical-document-inventory.md","89","Generated documents must retain this label as text but remove the .md hyperlink.","../../docs/reference/plugin-properties-reference.md"
"MARKDOWN_LINK_IN_OUTPUT_SOURCE","Warning","docs\build\technical-document-inventory.md","90","Generated documents must retain this label as text but remove the .md hyperlink.","../../docs/reference/plugin-registry-reference.md"
"MARKDOWN_LINK_IN_OUTPUT_SOURCE","Warning","docs\build\technical-document-inventory.md","91","Generated documents must retain this label as text but remove the .md hyperlink.","../../docs/reference/README.md"
"MARKDOWN_LINK_IN_OUTPUT_SOURCE","Warning","docs\build\technical-document-inventory.md","92","Generated documents must retain this label as text but remove the .md hyperlink.","../../docs/reference/supported-data-formats.md"
"MARKDOWN_LINK_IN_OUTPUT_SOURCE","Warning","docs\build\technical-document-inventory.md","93","Generated documents must retain this label as text but remove the .md hyperlink.","../../docs/roadmap/README.md"
"MARKDOWN_LINK_IN_OUTPUT_SOURCE","Warning","docs\build\technical-document-inventory.md","94","Generated documents must retain this label as text but remove the .md hyperlink.","../../docs/decisions/README.md"
"MARKDOWN_LINK_IN_OUTPUT_SOURCE","Warning","docs\build\technical-document-inventory.md","95","Generated documents must retain this label as text but remove the .md hyperlink.","../../docs/decisions/ADR-REGISTER.md"
"MARKDOWN_LINK_IN_OUTPUT_SOURCE","Warning","docs\build\technical-document-inventory.md","96","Generated documents must retain this label as text but remove the .md hyperlink.","../../docs/decisions/ADR-REGISTER-ADDENDUM.md"
"MARKDOWN_LINK_IN_OUTPUT_SOURCE","Warning","docs\build\technical-document-inventory.md","97","Generated documents must retain this label as text but remove the .md hyperlink.","../../docs/decisions/ADR-0001-plugin-architecture.md"
"MARKDOWN_LINK_IN_OUTPUT_SOURCE","Warning","docs\build\technical-document-inventory.md","98","Generated documents must retain this label as text but remove the .md hyperlink.","../../docs/decisions/ADR-0002-apache-commons-cli.md"
"MARKDOWN_LINK_IN_OUTPUT_SOURCE","Warning","docs\build\technical-document-inventory.md","99","Generated documents must retain this label as text but remove the .md hyperlink.","../../docs/decisions/ADR-0003-java-util-logging.md"
"MARKDOWN_LINK_IN_OUTPUT_SOURCE","Warning","docs\build\technical-document-inventory.md","100","Generated documents must retain this label as text but remove the .md hyperlink.","../../docs/decisions/ADR-0004-parameter-file-layering.md"
"MARKDOWN_LINK_IN_OUTPUT_SOURCE","Warning","docs\build\technical-document-inventory.md","101","Generated documents must retain this label as text but remove the .md hyperlink.","../../docs/decisions/ADR-0005-sql-server-persistence.md"
"MARKDOWN_LINK_IN_OUTPUT_SOURCE","Warning","docs\build\technical-document-inventory.md","102","Generated documents must retain this label as text but remove the .md hyperlink.","../../docs/decisions/ADR-0006-package-info-documentation.md"
"MARKDOWN_LINK_IN_OUTPUT_SOURCE","Warning","docs\build\technical-document-inventory.md","103","Generated documents must retain this label as text but remove the .md hyperlink.","../../docs/decisions/ADR-0007-modular-monolith.md"
"MARKDOWN_LINK_IN_OUTPUT_SOURCE","Warning","docs\build\technical-document-inventory.md","104","Generated documents must retain this label as text but remove the .md hyperlink.","../../docs/decisions/ADR-0008-java-17-records-immutable-models.md"
"MARKDOWN_LINK_IN_OUTPUT_SOURCE","Warning","docs\build\technical-document-inventory.md","105","Generated documents must retain this label as text but remove the .md hyperlink.","../../docs/decisions/ADR-0009-common-staged-etl-pipeline.md"
"MARKDOWN_LINK_IN_OUTPUT_SOURCE","Warning","docs\build\technical-document-inventory.md","106","Generated documents must retain this label as text but remove the .md hyperlink.","../../docs/decisions/ADR-0010-constructor-injection-no-di-framework.md"
"MARKDOWN_LINK_IN_OUTPUT_SOURCE","Warning","docs\build\technical-document-inventory.md","107","Generated documents must retain this label as text but remove the .md hyperlink.","../../docs/decisions/ADR-0011-jdk-http-client-downloads.md"
"MARKDOWN_LINK_IN_OUTPUT_SOURCE","Warning","docs\build\technical-document-inventory.md","108","Generated documents must retain this label as text but remove the .md hyperlink.","../../docs/decisions/ADR-0012-plugin-properties-before-database-configuration.md"
"MARKDOWN_LINK_IN_OUTPUT_SOURCE","Warning","docs\build\technical-document-inventory.md","109","Generated documents must retain this label as text but remove the .md hyperlink.","../../docs/decisions/ADR-0013-plugin-manifest-and-registry.md"
"MARKDOWN_LINK_IN_OUTPUT_SOURCE","Warning","docs\build\technical-document-inventory.md","110","Generated documents must retain this label as text but remove the .md hyperlink.","../../docs/decisions/ADR-0014-framework-metadata-and-plugin-business-tables.md"
"MARKDOWN_LINK_IN_OUTPUT_SOURCE","Warning","docs\build\technical-document-inventory.md","111","Generated documents must retain this label as text but remove the .md hyperlink.","../../docs/decisions/ADR-0015-database-abstraction-sql-server-first.md"
"MARKDOWN_LINK_IN_OUTPUT_SOURCE","Warning","docs\build\technical-document-inventory.md","112","Generated documents must retain this label as text but remove the .md hyperlink.","../../docs/decisions/ADR-0016-exception-hierarchy-and-boundary-translation.md"
"MARKDOWN_LINK_IN_OUTPUT_SOURCE","Warning","docs\build\technical-document-inventory.md","113","Generated documents must retain this label as text but remove the .md hyperlink.","../../docs/decisions/ADR-0017-documentation-as-code.md"
"MARKDOWN_LINK_IN_OUTPUT_SOURCE","Warning","docs\build\technical-document-inventory.md","114","Generated documents must retain this label as text but remove the .md hyperlink.","../../docs/decisions/ADR-0018-minimal-dependencies-standard-java-first.md"
"MARKDOWN_LINK_IN_OUTPUT_SOURCE","Warning","docs\build\technical-document-inventory.md","115","Generated documents must retain this label as text but remove the .md hyperlink.","../../docs/decisions/ADR-0019-ofgem-reference-plugin.md"
"MARKDOWN_LINK_IN_OUTPUT_SOURCE","Warning","docs\build\technical-document-inventory.md","116","Generated documents must retain this label as text but remove the .md hyperlink.","../../docs/decisions/ADR-0020-internal-scheduling-deferred.md"
"MARKDOWN_LINK_IN_OUTPUT_SOURCE","Warning","docs\build\technical-document-inventory.md","117","Generated documents must retain this label as text but remove the .md hyperlink.","../../docs/decisions/ADR-0021-apache-commons-csv.md"
"MARKDOWN_LINK_IN_OUTPUT_SOURCE","Warning","docs\build\technical-document-inventory.md","118","Generated documents must retain this label as text but remove the .md hyperlink.","../../docs/decisions/ADR-0021-configuration-resolution-and-validation.md"
"MARKDOWN_LINK_IN_OUTPUT_SOURCE","Warning","docs\build\technical-document-inventory.md","119","Generated documents must retain this label as text but remove the .md hyperlink.","../../docs/decisions/ADR-0022-cli-control-commands-and-exit-codes.md"
"MARKDOWN_LINK_IN_OUTPUT_SOURCE","Warning","docs\build\technical-document-inventory.md","120","Generated documents must retain this label as text but remove the .md hyperlink.","../../docs/decisions/ADR-0022-jsoup-html-link-discovery.md"
"MARKDOWN_LINK_IN_OUTPUT_SOURCE","Warning","docs\build\technical-document-inventory.md","121","Generated documents must retain this label as text but remove the .md hyperlink.","../../docs/decisions/ADR-0023-apache-poi-excel.md"
"MARKDOWN_LINK_IN_OUTPUT_SOURCE","Warning","docs\build\technical-document-inventory.md","122","Generated documents must retain this label as text but remove the .md hyperlink.","../../docs/decisions/ADR-0023-format-parser-adapters.md"
"MARKDOWN_LINK_IN_OUTPUT_SOURCE","Warning","docs\build\technical-document-inventory.md","123","Generated documents must retain this label as text but remove the .md hyperlink.","../../docs/decisions/ADR-0024-credential-references-not-secrets.md"
"MARKDOWN_LINK_IN_OUTPUT_SOURCE","Warning","docs\build\technical-document-inventory.md","124","Generated documents must retain this label as text but remove the .md hyperlink.","../../docs/decisions/ADR-0024-imap-email-attachment-source.md"
"MARKDOWN_LINK_IN_OUTPUT_SOURCE","Warning","docs\build\technical-document-inventory.md","125","Generated documents must retain this label as text but remove the .md hyperlink.","../../docs/decisions/ADR-0025-database-plugin-configuration-json.md"
"MARKDOWN_LINK_IN_OUTPUT_SOURCE","Warning","docs\build\technical-document-inventory.md","126","Generated documents must retain this label as text but remove the .md hyperlink.","../../docs/decisions/ADR-0025-octopus-email-bill-plugin.md"
"MARKDOWN_LINK_IN_OUTPUT_SOURCE","Warning","docs\build\technical-document-inventory.md","127","Generated documents must retain this label as text but remove the .md hyperlink.","../../docs/decisions/ADR-0026-openmeteo-reference-plugin.md"
"MARKDOWN_LINK_IN_OUTPUT_SOURCE","Warning","docs\build\technical-document-inventory.md","128","Generated documents must retain this label as text but remove the .md hyperlink.","../../docs/decisions/ADR-0026-transactional-octopus-record-persistence.md"
"MARKDOWN_LINK_IN_OUTPUT_SOURCE","Warning","docs\build\technical-document-inventory.md","129","Generated documents must retain this label as text but remove the .md hyperlink.","../../docs/decisions/ADR-0027-idempotent-email-attachment-processing.md"
"MARKDOWN_LINK_IN_OUTPUT_SOURCE","Warning","docs\build\technical-document-inventory.md","130","Generated documents must retain this label as text but remove the .md hyperlink.","../../docs/decisions/ADR-0028-openmeteo-historical-weather-plugin.md"
"MARKDOWN_LINK_IN_OUTPUT_SOURCE","Warning","docs\build\technical-document-inventory.md","131","Generated documents must retain this label as text but remove the .md hyperlink.","../../docs/decisions/ADR-0029-web-file-discovery-and-tabular-parsing.md"
"MARKDOWN_LINK_IN_OUTPUT_SOURCE","Warning","docs\build\technical-document-inventory.md","132","Generated documents must retain this label as text but remove the .md hyperlink.","../../docs/decisions/ADR-0030-bounded-parallel-plugin-execution.md"
"MARKDOWN_LINK_IN_OUTPUT_SOURCE","Warning","docs\build\technical-document-inventory.md","133","Generated documents must retain this label as text but remove the .md hyperlink.","../../docs/decisions/ADR-0030-managed-database-connection-pool.md"
"MARKDOWN_LINK_IN_OUTPUT_SOURCE","Warning","docs\build\technical-document-inventory.md","134","Generated documents must retain this label as text but remove the .md hyperlink.","../../docs/decisions/ADR-0031-database-concurrency-owned-by-transactions.md"
"MARKDOWN_LINK_IN_OUTPUT_SOURCE","Warning","docs\build\technical-document-inventory.md","135","Generated documents must retain this label as text but remove the .md hyperlink.","../../docs/decisions/ADR-0031-normalised-ofgem-price-cap-schema.md"
"MARKDOWN_LINK_IN_OUTPUT_SOURCE","Warning","docs\build\technical-document-inventory.md","136","Generated documents must retain this label as text but remove the .md hyperlink.","../../docs/decisions/ADR-0032-explicit-jdbc-repositories.md"
"MARKDOWN_LINK_IN_OUTPUT_SOURCE","Warning","docs\build\technical-document-inventory.md","137","Generated documents must retain this label as text but remove the .md hyperlink.","../../docs/decisions/ADR-0032-openmeteo-relational-storage.md"
"MARKDOWN_LINK_IN_OUTPUT_SOURCE","Warning","docs\build\technical-document-inventory.md","138","Generated documents must retain this label as text but remove the .md hyperlink.","../../docs/decisions/ADR-0033-contextual-jul-for-concurrent-plugins.md"
"MARKDOWN_LINK_IN_OUTPUT_SOURCE","Warning","docs\build\technical-document-inventory.md","139","Generated documents must retain this label as text but remove the .md hyperlink.","../../docs/decisions/ADR-0033-ordered-idempotent-sql-scripts.md"
"MARKDOWN_LINK_IN_OUTPUT_SOURCE","Warning","docs\build\technical-document-inventory.md","140","Generated documents must retain this label as text but remove the .md hyperlink.","../../docs/decisions/ADR-0034-ingestion-audit-and-source-provenance.md"
"MARKDOWN_LINK_IN_OUTPUT_SOURCE","Warning","docs\build\technical-document-inventory.md","141","Generated documents must retain this label as text but remove the .md hyperlink.","../../docs/decisions/ADR-0035-transactional-period-replacement.md"
"MARKDOWN_LINK_IN_OUTPUT_SOURCE","Warning","docs\build\technical-document-inventory.md","142","Generated documents must retain this label as text but remove the .md hyperlink.","../../docs/decisions/ADR-0036-least-privilege-application-role.md"
"MARKDOWN_LINK_IN_OUTPUT_SOURCE","Warning","docs\build\technical-document-inventory.md","143","Generated documents must retain this label as text but remove the .md hyperlink.","../../docs/decisions/ADR-0037-preserve-source-cell-lineage.md"
"MARKDOWN_LINK_IN_OUTPUT_SOURCE","Warning","docs\build\technical-document-inventory.md","144","Generated documents must retain this label as text but remove the .md hyperlink.","../../docs/decisions/ADR-0038-bounded-parallel-plugin-execution.md"
"MARKDOWN_LINK_IN_OUTPUT_SOURCE","Warning","docs\build\technical-document-inventory.md","145","Generated documents must retain this label as text but remove the .md hyperlink.","../../docs/decisions/ADR-0039-database-concurrency-owned-by-transactions.md"
"MARKDOWN_LINK_IN_OUTPUT_SOURCE","Warning","docs\build\technical-document-inventory.md","146","Generated documents must retain this label as text but remove the .md hyperlink.","../../docs/decisions/ADR-0040-openmeteo-relational-storage.md"
"MARKDOWN_LINK_IN_OUTPUT_SOURCE","Warning","docs\build\technical-document-inventory.md","147","Generated documents must retain this label as text but remove the .md hyperlink.","../../docs/decisions/ADR-0041-contextual-jul-for-concurrent-plugins.md"
"MARKDOWN_LINK_IN_OUTPUT_SOURCE","Warning","docs\build\technical-document-inventory.md","148","Generated documents must retain this label as text but remove the .md hyperlink.","../../docs/decisions/ADR-0042-side-effect-free-dry-run.md"
"MARKDOWN_LINK_IN_OUTPUT_SOURCE","Warning","docs\build\technical-document-inventory.md","149","Generated documents must retain this label as text but remove the .md hyperlink.","../../docs/decisions/ADR-0043-plugin-local-pipeline-packages.md"
"MARKDOWN_LINK_IN_OUTPUT_SOURCE","Warning","docs\build\technical-document-inventory.md","150","Generated documents must retain this label as text but remove the .md hyperlink.","../../docs/decisions/ADR-0044-octopus-energy.md"
"MARKDOWN_LINK_IN_OUTPUT_SOURCE","Warning","docs\build\technical-document-inventory.md","151","Generated documents must retain this label as text but remove the .md hyperlink.","../../docs/decisions/ADR-TEMPLATE.md"
"MARKDOWN_LINK_IN_OUTPUT_SOURCE","Warning","docs\build\technical-document-inventory.md","152","Generated documents must retain this label as text but remove the .md hyperlink.","../../docs/review/DOCUMENTATION-GAP-ANALYSIS-2026-07-26.md"
"MARKDOWN_LINK_IN_OUTPUT_SOURCE","Warning","docs\build\technical-document-inventory.md","153","Generated documents must retain this label as text but remove the .md hyperlink.","../../docs/review/UNRESOLVED-TOOLCHAIN-AND-SPECIFICATION-GAPS-2026-07-26.md"
"MARKDOWN_LINK_IN_OUTPUT_SOURCE","Warning","docs\build\technical-document-inventory.md","154","Generated documents must retain this label as text but remove the .md hyperlink.","../../docs/shared/glossary.md"
"MARKDOWN_LINK_IN_OUTPUT_SOURCE","Warning","docs\build\technical-document-inventory.md","155","Generated documents must retain this label as text but remove the .md hyperlink.","../../docs/shared/licence.md"
"MARKDOWN_LINK_IN_OUTPUT_SOURCE","Warning","docs\build\technical-document-inventory.md","156","Generated documents must retain this label as text but remove the .md hyperlink.","../../docs/shared/acknowledgements.md"
"MARKDOWN_LINK_IN_OUTPUT_SOURCE","Warning","docs\build\technical-document-inventory.md","157","Generated documents must retain this label as text but remove the .md hyperlink.","../../docs/reviews/Batch-3-Implementation-Notes.md"
"MARKDOWN_LINK_IN_OUTPUT_SOURCE","Warning","docs\build\technical-document-inventory.md","158","Generated documents must retain this label as text but remove the .md hyperlink.","../../docs/reviews/Batch-4-Implementation-Notes.md"
"MARKDOWN_LINK_IN_OUTPUT_SOURCE","Warning","docs\build\technical-document-inventory.md","159","Generated documents must retain this label as text but remove the .md hyperlink.","../../docs/reviews/Batch-5-Implementation-Notes.md"
"MARKDOWN_LINK_IN_OUTPUT_SOURCE","Warning","docs\build\technical-document-inventory.md","160","Generated documents must retain this label as text but remove the .md hyperlink.","../../docs/reviews/Batch-6-Implementation-Notes.md"
"MARKDOWN_LINK_IN_OUTPUT_SOURCE","Warning","docs\build\technical-document-inventory.md","161","Generated documents must retain this label as text but remove the .md hyperlink.","../../docs/release/Release-1.0.0.md"
"MARKDOWN_LINK_IN_OUTPUT_SOURCE","Warning","docs\build\technical-document-inventory.md","162","Generated documents must retain this label as text but remove the .md hyperlink.","../../docs/release/Final-Release-Checklist.md"
"MARKDOWN_LINK_IN_OUTPUT_SOURCE","Warning","docs\build\technical-document-inventory.md","163","Generated documents must retain this label as text but remove the .md hyperlink.","../../docs/reviews/Batch-7-Implementation-Notes.md"
"MARKDOWN_LINK_IN_OUTPUT_SOURCE","Warning","docs\build\TechnicalUserGuide-document-inventory.md","7","Generated documents must retain this label as text but remove the .md hyperlink.","../../docs/shared/coverpage.md"
"MARKDOWN_LINK_IN_OUTPUT_SOURCE","Warning","docs\build\TechnicalUserGuide-document-inventory.md","8","Generated documents must retain this label as text but remove the .md hyperlink.","../../docs/shared/copyright.md"
"MARKDOWN_LINK_IN_OUTPUT_SOURCE","Warning","docs\build\TechnicalUserGuide-document-inventory.md","9","Generated documents must retain this label as text but remove the .md hyperlink.","../../docs/shared/revision-history.md"
"MARKDOWN_LINK_IN_OUTPUT_SOURCE","Warning","docs\build\TechnicalUserGuide-document-inventory.md","10","Generated documents must retain this label as text but remove the .md hyperlink.","../../docs/shared/introduction.md"
"MARKDOWN_LINK_IN_OUTPUT_SOURCE","Warning","docs\build\TechnicalUserGuide-document-inventory.md","11","Generated documents must retain this label as text but remove the .md hyperlink.","../../docs/user-guide/README.md"
"MARKDOWN_LINK_IN_OUTPUT_SOURCE","Warning","docs\build\TechnicalUserGuide-document-inventory.md","12","Generated documents must retain this label as text but remove the .md hyperlink.","../../docs/user-guide/01-introduction.md"
"MARKDOWN_LINK_IN_OUTPUT_SOURCE","Warning","docs\build\TechnicalUserGuide-document-inventory.md","13","Generated documents must retain this label as text but remove the .md hyperlink.","../../docs/user-guide/02-prerequisites-and-installation.md"
"MARKDOWN_LINK_IN_OUTPUT_SOURCE","Warning","docs\build\TechnicalUserGuide-document-inventory.md","14","Generated documents must retain this label as text but remove the .md hyperlink.","../../docs/user-guide/03-sql-server-setup.md"
"MARKDOWN_LINK_IN_OUTPUT_SOURCE","Warning","docs\build\TechnicalUserGuide-document-inventory.md","15","Generated documents must retain this label as text but remove the .md hyperlink.","../../docs/user-guide/04-configuration.md"
"MARKDOWN_LINK_IN_OUTPUT_SOURCE","Warning","docs\build\TechnicalUserGuide-document-inventory.md","16","Generated documents must retain this label as text but remove the .md hyperlink.","../../docs/user-guide/05-command-line-use.md"
"MARKDOWN_LINK_IN_OUTPUT_SOURCE","Warning","docs\build\TechnicalUserGuide-document-inventory.md","17","Generated documents must retain this label as text but remove the .md hyperlink.","../../docs/user-guide/06-ofgem-price-cap-plugin.md"
"MARKDOWN_LINK_IN_OUTPUT_SOURCE","Warning","docs\build\TechnicalUserGuide-document-inventory.md","18","Generated documents must retain this label as text but remove the .md hyperlink.","../../docs/user-guide/07-openmeteo-weather-plugin.md"
"MARKDOWN_LINK_IN_OUTPUT_SOURCE","Warning","docs\build\TechnicalUserGuide-document-inventory.md","19","Generated documents must retain this label as text but remove the .md hyperlink.","../../docs/user-guide/08-octopus-energy-statements.md"
"MARKDOWN_LINK_IN_OUTPUT_SOURCE","Warning","docs\build\TechnicalUserGuide-document-inventory.md","20","Generated documents must retain this label as text but remove the .md hyperlink.","../../docs/user-guide/08-multiple-plugins-and-parallelism.md"
"MARKDOWN_LINK_IN_OUTPUT_SOURCE","Warning","docs\build\TechnicalUserGuide-document-inventory.md","21","Generated documents must retain this label as text but remove the .md hyperlink.","../../docs/user-guide/09-dry-runs.md"
"MARKDOWN_LINK_IN_OUTPUT_SOURCE","Warning","docs\build\TechnicalUserGuide-document-inventory.md","22","Generated documents must retain this label as text but remove the .md hyperlink.","../../docs/user-guide/10-logs-audit-and-troubleshooting.md"
"MARKDOWN_LINK_IN_OUTPUT_SOURCE","Warning","docs\build\TechnicalUserGuide-document-inventory.md","23","Generated documents must retain this label as text but remove the .md hyperlink.","../../docs/user-guide/11-maintenance-and-security.md"
"MARKDOWN_LINK_IN_OUTPUT_SOURCE","Warning","docs\build\TechnicalUserGuide-document-inventory.md","24","Generated documents must retain this label as text but remove the .md hyperlink.","../../docs/shared/glossary.md"
"MARKDOWN_LINK_IN_OUTPUT_SOURCE","Warning","docs\build\TechnicalUserGuide-document-inventory.md","25","Generated documents must retain this label as text but remove the .md hyperlink.","../../docs/shared/licence.md"
"MARKDOWN_LINK_IN_OUTPUT_SOURCE","Warning","docs\build\TechnicalUserGuide-document-inventory.md","26","Generated documents must retain this label as text but remove the .md hyperlink.","../../docs/shared/third-party-notices.md"
"MARKDOWN_LINK_IN_OUTPUT_SOURCE","Warning","docs\build\TechnicalUserGuide-document-inventory.md","27","Generated documents must retain this label as text but remove the .md hyperlink.","../../docs/shared/data-source-notices.md"
"MARKDOWN_LINK_IN_OUTPUT_SOURCE","Warning","docs\build\TechnicalUserGuide-document-inventory.md","28","Generated documents must retain this label as text but remove the .md hyperlink.","../../docs/shared/acknowledgements.md"
"MARKDOWN_LINK_IN_OUTPUT_SOURCE","Warning","docs\ChangeLog.md","3","Generated documents must retain this label as text but remove the .md hyperlink.","../CHANGELOG.md"
"MARKDOWN_LINK_IN_OUTPUT_SOURCE","Warning","docs\CODE_OF_CONDUCT.md","3","Generated documents must retain this label as text but remove the .md hyperlink.","../CODE_OF_CONDUCT.md"
"MARKDOWN_LINK_IN_OUTPUT_SOURCE","Warning","docs\Contributions.md","4","Generated documents must retain this label as text but remove the .md hyperlink.","../CONTRIBUTING.md"
"MARKDOWN_LINK_IN_OUTPUT_SOURCE","Warning","docs\Contributions.md","5","Generated documents must retain this label as text but remove the .md hyperlink.","governance/README.md"
"MARKDOWN_LINK_IN_OUTPUT_SOURCE","Warning","docs\decisions\ADR-0001-plugin-architecture.md","20","Generated documents must retain this label as text but remove the .md hyperlink.","ADR-REGISTER.md"
"MARKDOWN_LINK_IN_OUTPUT_SOURCE","Warning","docs\decisions\ADR-0001-plugin-architecture.md","21","Generated documents must retain this label as text but remove the .md hyperlink.","../architecture/ARCHITECTURE.md"
"MARKDOWN_LINK_IN_OUTPUT_SOURCE","Warning","docs\decisions\ADR-0002-apache-commons-cli.md","20","Generated documents must retain this label as text but remove the .md hyperlink.","ADR-REGISTER.md"
"MARKDOWN_LINK_IN_OUTPUT_SOURCE","Warning","docs\decisions\ADR-0002-apache-commons-cli.md","21","Generated documents must retain this label as text but remove the .md hyperlink.","../architecture/ARCHITECTURE.md"
"MARKDOWN_LINK_IN_OUTPUT_SOURCE","Warning","docs\decisions\ADR-0003-java-util-logging.md","20","Generated documents must retain this label as text but remove the .md hyperlink.","ADR-REGISTER.md"
"MARKDOWN_LINK_IN_OUTPUT_SOURCE","Warning","docs\decisions\ADR-0003-java-util-logging.md","21","Generated documents must retain this label as text but remove the .md hyperlink.","../architecture/ARCHITECTURE.md"
"MARKDOWN_LINK_IN_OUTPUT_SOURCE","Warning","docs\decisions\ADR-0004-parameter-file-layering.md","20","Generated documents must retain this label as text but remove the .md hyperlink.","ADR-REGISTER.md"
"MARKDOWN_LINK_IN_OUTPUT_SOURCE","Warning","docs\decisions\ADR-0004-parameter-file-layering.md","21","Generated documents must retain this label as text but remove the .md hyperlink.","../architecture/ARCHITECTURE.md"
"MARKDOWN_LINK_IN_OUTPUT_SOURCE","Warning","docs\decisions\ADR-0005-sql-server-persistence.md","20","Generated documents must retain this label as text but remove the .md hyperlink.","ADR-REGISTER.md"
"MARKDOWN_LINK_IN_OUTPUT_SOURCE","Warning","docs\decisions\ADR-0005-sql-server-persistence.md","21","Generated documents must retain this label as text but remove the .md hyperlink.","../architecture/ARCHITECTURE.md"
"MARKDOWN_LINK_IN_OUTPUT_SOURCE","Warning","docs\decisions\ADR-0006-package-info-documentation.md","20","Generated documents must retain this label as text but remove the .md hyperlink.","ADR-REGISTER.md"
"MARKDOWN_LINK_IN_OUTPUT_SOURCE","Warning","docs\decisions\ADR-0006-package-info-documentation.md","21","Generated documents must retain this label as text but remove the .md hyperlink.","../architecture/ARCHITECTURE.md"
"MARKDOWN_LINK_IN_OUTPUT_SOURCE","Warning","docs\decisions\ADR-0007-modular-monolith.md","20","Generated documents must retain this label as text but remove the .md hyperlink.","ADR-REGISTER.md"
"MARKDOWN_LINK_IN_OUTPUT_SOURCE","Warning","docs\decisions\ADR-0007-modular-monolith.md","21","Generated documents must retain this label as text but remove the .md hyperlink.","../architecture/ARCHITECTURE.md"
"MARKDOWN_LINK_IN_OUTPUT_SOURCE","Warning","docs\decisions\ADR-0008-java-17-records-immutable-models.md","20","Generated documents must retain this label as text but remove the .md hyperlink.","ADR-REGISTER.md"
"MARKDOWN_LINK_IN_OUTPUT_SOURCE","Warning","docs\decisions\ADR-0008-java-17-records-immutable-models.md","21","Generated documents must retain this label as text but remove the .md hyperlink.","../architecture/ARCHITECTURE.md"
"MARKDOWN_LINK_IN_OUTPUT_SOURCE","Warning","docs\decisions\ADR-0009-common-staged-etl-pipeline.md","20","Generated documents must retain this label as text but remove the .md hyperlink.","ADR-REGISTER.md"
"MARKDOWN_LINK_IN_OUTPUT_SOURCE","Warning","docs\decisions\ADR-0009-common-staged-etl-pipeline.md","21","Generated documents must retain this label as text but remove the .md hyperlink.","../architecture/ARCHITECTURE.md"
"MARKDOWN_LINK_IN_OUTPUT_SOURCE","Warning","docs\decisions\ADR-0010-constructor-injection-no-di-framework.md","20","Generated documents must retain this label as text but remove the .md hyperlink.","ADR-REGISTER.md"
"MARKDOWN_LINK_IN_OUTPUT_SOURCE","Warning","docs\decisions\ADR-0010-constructor-injection-no-di-framework.md","21","Generated documents must retain this label as text but remove the .md hyperlink.","../architecture/ARCHITECTURE.md"
"MARKDOWN_LINK_IN_OUTPUT_SOURCE","Warning","docs\decisions\ADR-0011-jdk-http-client-downloads.md","20","Generated documents must retain this label as text but remove the .md hyperlink.","ADR-REGISTER.md"
"MARKDOWN_LINK_IN_OUTPUT_SOURCE","Warning","docs\decisions\ADR-0011-jdk-http-client-downloads.md","21","Generated documents must retain this label as text but remove the .md hyperlink.","../architecture/ARCHITECTURE.md"
"MARKDOWN_LINK_IN_OUTPUT_SOURCE","Warning","docs\decisions\ADR-0012-plugin-properties-before-database-configuration.md","20","Generated documents must retain this label as text but remove the .md hyperlink.","ADR-REGISTER.md"
"MARKDOWN_LINK_IN_OUTPUT_SOURCE","Warning","docs\decisions\ADR-0012-plugin-properties-before-database-configuration.md","21","Generated documents must retain this label as text but remove the .md hyperlink.","../architecture/ARCHITECTURE.md"
"MARKDOWN_LINK_IN_OUTPUT_SOURCE","Warning","docs\decisions\ADR-0013-plugin-manifest-and-registry.md","20","Generated documents must retain this label as text but remove the .md hyperlink.","ADR-REGISTER.md"
"MARKDOWN_LINK_IN_OUTPUT_SOURCE","Warning","docs\decisions\ADR-0013-plugin-manifest-and-registry.md","21","Generated documents must retain this label as text but remove the .md hyperlink.","../architecture/ARCHITECTURE.md"
"MARKDOWN_LINK_IN_OUTPUT_SOURCE","Warning","docs\decisions\ADR-0015-database-abstraction-sql-server-first.md","20","Generated documents must retain this label as text but remove the .md hyperlink.","ADR-REGISTER.md"
"MARKDOWN_LINK_IN_OUTPUT_SOURCE","Warning","docs\decisions\ADR-0015-database-abstraction-sql-server-first.md","21","Generated documents must retain this label as text but remove the .md hyperlink.","../architecture/ARCHITECTURE.md"
"MARKDOWN_LINK_IN_OUTPUT_SOURCE","Warning","docs\decisions\ADR-0016-exception-hierarchy-and-boundary-translation.md","20","Generated documents must retain this label as text but remove the .md hyperlink.","ADR-REGISTER.md"
"MARKDOWN_LINK_IN_OUTPUT_SOURCE","Warning","docs\decisions\ADR-0016-exception-hierarchy-and-boundary-translation.md","21","Generated documents must retain this label as text but remove the .md hyperlink.","../architecture/ARCHITECTURE.md"
"MARKDOWN_LINK_IN_OUTPUT_SOURCE","Warning","docs\decisions\ADR-0017-documentation-as-code.md","20","Generated documents must retain this label as text but remove the .md hyperlink.","ADR-REGISTER.md"
"MARKDOWN_LINK_IN_OUTPUT_SOURCE","Warning","docs\decisions\ADR-0017-documentation-as-code.md","21","Generated documents must retain this label as text but remove the .md hyperlink.","../architecture/ARCHITECTURE.md"
"MARKDOWN_LINK_IN_OUTPUT_SOURCE","Warning","docs\decisions\ADR-0018-minimal-dependencies-standard-java-first.md","20","Generated documents must retain this label as text but remove the .md hyperlink.","ADR-REGISTER.md"
"MARKDOWN_LINK_IN_OUTPUT_SOURCE","Warning","docs\decisions\ADR-0018-minimal-dependencies-standard-java-first.md","21","Generated documents must retain this label as text but remove the .md hyperlink.","../architecture/ARCHITECTURE.md"
"MARKDOWN_LINK_IN_OUTPUT_SOURCE","Warning","docs\decisions\ADR-0019-ofgem-reference-plugin.md","20","Generated documents must retain this label as text but remove the .md hyperlink.","ADR-REGISTER.md"
"MARKDOWN_LINK_IN_OUTPUT_SOURCE","Warning","docs\decisions\ADR-0019-ofgem-reference-plugin.md","21","Generated documents must retain this label as text but remove the .md hyperlink.","../architecture/ARCHITECTURE.md"
"MARKDOWN_LINK_IN_OUTPUT_SOURCE","Warning","docs\decisions\ADR-0020-internal-scheduling-deferred.md","20","Generated documents must retain this label as text but remove the .md hyperlink.","ADR-REGISTER.md"
"MARKDOWN_LINK_IN_OUTPUT_SOURCE","Warning","docs\decisions\ADR-0020-internal-scheduling-deferred.md","21","Generated documents must retain this label as text but remove the .md hyperlink.","../architecture/ARCHITECTURE.md"
"MARKDOWN_LINK_IN_OUTPUT_SOURCE","Warning","docs\decisions\ADR-0021-apache-commons-csv.md","20","Generated documents must retain this label as text but remove the .md hyperlink.","ADR-REGISTER.md"
"MARKDOWN_LINK_IN_OUTPUT_SOURCE","Warning","docs\decisions\ADR-0021-apache-commons-csv.md","21","Generated documents must retain this label as text but remove the .md hyperlink.","../architecture/ARCHITECTURE.md"
"MARKDOWN_LINK_IN_OUTPUT_SOURCE","Warning","docs\decisions\ADR-0022-jsoup-html-link-discovery.md","20","Generated documents must retain this label as text but remove the .md hyperlink.","ADR-REGISTER.md"
"MARKDOWN_LINK_IN_OUTPUT_SOURCE","Warning","docs\decisions\ADR-0022-jsoup-html-link-discovery.md","21","Generated documents must retain this label as text but remove the .md hyperlink.","../architecture/ARCHITECTURE.md"
"MARKDOWN_LINK_IN_OUTPUT_SOURCE","Warning","docs\decisions\ADR-0023-apache-poi-excel.md","20","Generated documents must retain this label as text but remove the .md hyperlink.","ADR-REGISTER.md"
"MARKDOWN_LINK_IN_OUTPUT_SOURCE","Warning","docs\decisions\ADR-0023-apache-poi-excel.md","21","Generated documents must retain this label as text but remove the .md hyperlink.","../architecture/ARCHITECTURE.md"
"MARKDOWN_LINK_IN_OUTPUT_SOURCE","Warning","docs\decisions\ADR-0024-credential-references-not-secrets.md","20","Generated documents must retain this label as text but remove the .md hyperlink.","ADR-REGISTER.md"
"MARKDOWN_LINK_IN_OUTPUT_SOURCE","Warning","docs\decisions\ADR-0024-credential-references-not-secrets.md","21","Generated documents must retain this label as text but remove the .md hyperlink.","../architecture/ARCHITECTURE.md"
"MARKDOWN_LINK_IN_OUTPUT_SOURCE","Warning","docs\decisions\ADR-0025-database-plugin-configuration-json.md","20","Generated documents must retain this label as text but remove the .md hyperlink.","ADR-REGISTER.md"
"MARKDOWN_LINK_IN_OUTPUT_SOURCE","Warning","docs\decisions\ADR-0025-database-plugin-configuration-json.md","21","Generated documents must retain this label as text but remove the .md hyperlink.","../architecture/ARCHITECTURE.md"
"MARKDOWN_LINK_IN_OUTPUT_SOURCE","Warning","docs\decisions\ADR-0026-openmeteo-reference-plugin.md","20","Generated documents must retain this label as text but remove the .md hyperlink.","ADR-REGISTER.md"
"MARKDOWN_LINK_IN_OUTPUT_SOURCE","Warning","docs\decisions\ADR-0026-openmeteo-reference-plugin.md","21","Generated documents must retain this label as text but remove the .md hyperlink.","../architecture/ARCHITECTURE.md"
"MARKDOWN_LINK_IN_OUTPUT_SOURCE","Warning","docs\decisions\ADR-0030-bounded-parallel-plugin-execution.md","3","Generated documents must retain this label as text but remove the .md hyperlink.","ADR-0038-bounded-parallel-plugin-execution.md"
"MARKDOWN_LINK_IN_OUTPUT_SOURCE","Warning","docs\decisions\ADR-0031-database-concurrency-owned-by-transactions.md","3","Generated documents must retain this label as text but remove the .md hyperlink.","ADR-0039-database-concurrency-owned-by-transactions.md"
"MARKDOWN_LINK_IN_OUTPUT_SOURCE","Warning","docs\decisions\ADR-0032-openmeteo-relational-storage.md","3","Generated documents must retain this label as text but remove the .md hyperlink.","ADR-0040-openmeteo-relational-storage.md"
"MARKDOWN_LINK_IN_OUTPUT_SOURCE","Warning","docs\decisions\ADR-0033-contextual-jul-for-concurrent-plugins.md","3","Generated documents must retain this label as text but remove the .md hyperlink.","ADR-0041-contextual-jul-for-concurrent-plugins.md"
"MARKDOWN_LINK_IN_OUTPUT_SOURCE","Warning","docs\decisions\ADR-0049-shared-validation-and-jdbc-execution.md","79","Generated documents must retain this label as text but remove the .md hyperlink.","../architecture/028-shared-validation-and-jdbc-infrastructure.md"
"MARKDOWN_LINK_IN_OUTPUT_SOURCE","Warning","docs\decisions\ADR-0049-shared-validation-and-jdbc-execution.md","81","Generated documents must retain this label as text but remove the .md hyperlink.","../reference/shared-validation-and-jdbc-reference.md"
"MARKDOWN_LINK_IN_OUTPUT_SOURCE","Warning","docs\decisions\ADR-REGISTER.md","17","Generated documents must retain this label as text but remove the .md hyperlink.","ADR-0001-plugin-architecture.md"
"MARKDOWN_LINK_IN_OUTPUT_SOURCE","Warning","docs\decisions\ADR-REGISTER.md","18","Generated documents must retain this label as text but remove the .md hyperlink.","ADR-0002-apache-commons-cli.md"
"MARKDOWN_LINK_IN_OUTPUT_SOURCE","Warning","docs\decisions\ADR-REGISTER.md","19","Generated documents must retain this label as text but remove the .md hyperlink.","ADR-0003-java-util-logging.md"
"MARKDOWN_LINK_IN_OUTPUT_SOURCE","Warning","docs\decisions\ADR-REGISTER.md","20","Generated documents must retain this label as text but remove the .md hyperlink.","ADR-0004-parameter-file-layering.md"
"MARKDOWN_LINK_IN_OUTPUT_SOURCE","Warning","docs\decisions\ADR-REGISTER.md","21","Generated documents must retain this label as text but remove the .md hyperlink.","ADR-0005-sql-server-persistence.md"
"MARKDOWN_LINK_IN_OUTPUT_SOURCE","Warning","docs\decisions\ADR-REGISTER.md","22","Generated documents must retain this label as text but remove the .md hyperlink.","ADR-0006-package-info-documentation.md"
"MARKDOWN_LINK_IN_OUTPUT_SOURCE","Warning","docs\decisions\ADR-REGISTER.md","23","Generated documents must retain this label as text but remove the .md hyperlink.","ADR-0007-modular-monolith.md"
"MARKDOWN_LINK_IN_OUTPUT_SOURCE","Warning","docs\decisions\ADR-REGISTER.md","24","Generated documents must retain this label as text but remove the .md hyperlink.","ADR-0008-java-17-records-immutable-models.md"
"MARKDOWN_LINK_IN_OUTPUT_SOURCE","Warning","docs\decisions\ADR-REGISTER.md","25","Generated documents must retain this label as text but remove the .md hyperlink.","ADR-0009-common-staged-etl-pipeline.md"
"MARKDOWN_LINK_IN_OUTPUT_SOURCE","Warning","docs\decisions\ADR-REGISTER.md","26","Generated documents must retain this label as text but remove the .md hyperlink.","ADR-0010-constructor-injection-no-di-framework.md"
"MARKDOWN_LINK_IN_OUTPUT_SOURCE","Warning","docs\decisions\ADR-REGISTER.md","27","Generated documents must retain this label as text but remove the .md hyperlink.","ADR-0011-jdk-http-client-downloads.md"
"MARKDOWN_LINK_IN_OUTPUT_SOURCE","Warning","docs\decisions\ADR-REGISTER.md","28","Generated documents must retain this label as text but remove the .md hyperlink.","ADR-0012-plugin-properties-before-database-configuration.md"
"MARKDOWN_LINK_IN_OUTPUT_SOURCE","Warning","docs\decisions\ADR-REGISTER.md","29","Generated documents must retain this label as text but remove the .md hyperlink.","ADR-0013-plugin-manifest-and-registry.md"
"MARKDOWN_LINK_IN_OUTPUT_SOURCE","Warning","docs\decisions\ADR-REGISTER.md","30","Generated documents must retain this label as text but remove the .md hyperlink.","ADR-0014-framework-metadata-and-plugin-business-tables.md"
"MARKDOWN_LINK_IN_OUTPUT_SOURCE","Warning","docs\decisions\ADR-REGISTER.md","31","Generated documents must retain this label as text but remove the .md hyperlink.","ADR-0015-database-abstraction-sql-server-first.md"
"MARKDOWN_LINK_IN_OUTPUT_SOURCE","Warning","docs\decisions\ADR-REGISTER.md","32","Generated documents must retain this label as text but remove the .md hyperlink.","ADR-0016-exception-hierarchy-and-boundary-translation.md"
"MARKDOWN_LINK_IN_OUTPUT_SOURCE","Warning","docs\decisions\ADR-REGISTER.md","33","Generated documents must retain this label as text but remove the .md hyperlink.","ADR-0017-documentation-as-code.md"
"MARKDOWN_LINK_IN_OUTPUT_SOURCE","Warning","docs\decisions\ADR-REGISTER.md","34","Generated documents must retain this label as text but remove the .md hyperlink.","ADR-0018-minimal-dependencies-standard-java-first.md"
"MARKDOWN_LINK_IN_OUTPUT_SOURCE","Warning","docs\decisions\ADR-REGISTER.md","35","Generated documents must retain this label as text but remove the .md hyperlink.","ADR-0019-ofgem-reference-plugin.md"
"MARKDOWN_LINK_IN_OUTPUT_SOURCE","Warning","docs\decisions\ADR-REGISTER.md","36","Generated documents must retain this label as text but remove the .md hyperlink.","ADR-0020-internal-scheduling-deferred.md"
"MARKDOWN_LINK_IN_OUTPUT_SOURCE","Warning","docs\decisions\ADR-REGISTER.md","37","Generated documents must retain this label as text but remove the .md hyperlink.","ADR-0021-apache-commons-csv.md"
"MARKDOWN_LINK_IN_OUTPUT_SOURCE","Warning","docs\decisions\ADR-REGISTER.md","38","Generated documents must retain this label as text but remove the .md hyperlink.","ADR-0021-configuration-resolution-and-validation.md"
"MARKDOWN_LINK_IN_OUTPUT_SOURCE","Warning","docs\decisions\ADR-REGISTER.md","39","Generated documents must retain this label as text but remove the .md hyperlink.","ADR-0022-jsoup-html-link-discovery.md"
"MARKDOWN_LINK_IN_OUTPUT_SOURCE","Warning","docs\decisions\ADR-REGISTER.md","40","Generated documents must retain this label as text but remove the .md hyperlink.","ADR-0022-cli-control-commands-and-exit-codes.md"
"MARKDOWN_LINK_IN_OUTPUT_SOURCE","Warning","docs\decisions\ADR-REGISTER.md","41","Generated documents must retain this label as text but remove the .md hyperlink.","ADR-0023-apache-poi-excel.md"
"MARKDOWN_LINK_IN_OUTPUT_SOURCE","Warning","docs\decisions\ADR-REGISTER.md","42","Generated documents must retain this label as text but remove the .md hyperlink.","ADR-0023-format-parser-adapters.md"
"MARKDOWN_LINK_IN_OUTPUT_SOURCE","Warning","docs\decisions\ADR-REGISTER.md","43","Generated documents must retain this label as text but remove the .md hyperlink.","ADR-0024-credential-references-not-secrets.md"
"MARKDOWN_LINK_IN_OUTPUT_SOURCE","Warning","docs\decisions\ADR-REGISTER.md","44","Generated documents must retain this label as text but remove the .md hyperlink.","ADR-0024-imap-email-attachment-source.md"
"MARKDOWN_LINK_IN_OUTPUT_SOURCE","Warning","docs\decisions\ADR-REGISTER.md","45","Generated documents must retain this label as text but remove the .md hyperlink.","ADR-0025-database-plugin-configuration-json.md"
"MARKDOWN_LINK_IN_OUTPUT_SOURCE","Warning","docs\decisions\ADR-REGISTER.md","46","Generated documents must retain this label as text but remove the .md hyperlink.","ADR-0025-octopus-email-bill-plugin.md"
"MARKDOWN_LINK_IN_OUTPUT_SOURCE","Warning","docs\decisions\ADR-REGISTER.md","47","Generated documents must retain this label as text but remove the .md hyperlink.","ADR-0026-openmeteo-reference-plugin.md"
"MARKDOWN_LINK_IN_OUTPUT_SOURCE","Warning","docs\decisions\ADR-REGISTER.md","48","Generated documents must retain this label as text but remove the .md hyperlink.","ADR-0026-transactional-octopus-record-persistence.md"
"MARKDOWN_LINK_IN_OUTPUT_SOURCE","Warning","docs\decisions\ADR-REGISTER.md","49","Generated documents must retain this label as text but remove the .md hyperlink.","ADR-0027-idempotent-email-attachment-processing.md"
"MARKDOWN_LINK_IN_OUTPUT_SOURCE","Warning","docs\decisions\ADR-REGISTER.md","50","Generated documents must retain this label as text but remove the .md hyperlink.","ADR-0028-openmeteo-historical-weather-plugin.md"
"MARKDOWN_LINK_IN_OUTPUT_SOURCE","Warning","docs\decisions\ADR-REGISTER.md","51","Generated documents must retain this label as text but remove the .md hyperlink.","ADR-0029-web-file-discovery-and-tabular-parsing.md"
"MARKDOWN_LINK_IN_OUTPUT_SOURCE","Warning","docs\decisions\ADR-REGISTER.md","52","Generated documents must retain this label as text but remove the .md hyperlink.","ADR-0030-managed-database-connection-pool.md"
"MARKDOWN_LINK_IN_OUTPUT_SOURCE","Warning","docs\decisions\ADR-REGISTER.md","53","Generated documents must retain this label as text but remove the .md hyperlink.","ADR-0031-normalised-ofgem-price-cap-schema.md"
"MARKDOWN_LINK_IN_OUTPUT_SOURCE","Warning","docs\decisions\ADR-REGISTER.md","54","Generated documents must retain this label as text but remove the .md hyperlink.","ADR-0032-explicit-jdbc-repositories.md"
"MARKDOWN_LINK_IN_OUTPUT_SOURCE","Warning","docs\decisions\ADR-REGISTER.md","55","Generated documents must retain this label as text but remove the .md hyperlink.","ADR-0033-ordered-idempotent-sql-scripts.md"
"MARKDOWN_LINK_IN_OUTPUT_SOURCE","Warning","docs\decisions\ADR-REGISTER.md","56","Generated documents must retain this label as text but remove the .md hyperlink.","ADR-0034-ingestion-audit-and-source-provenance.md"
"MARKDOWN_LINK_IN_OUTPUT_SOURCE","Warning","docs\decisions\ADR-REGISTER.md","57","Generated documents must retain this label as text but remove the .md hyperlink.","ADR-0035-transactional-period-replacement.md"
"MARKDOWN_LINK_IN_OUTPUT_SOURCE","Warning","docs\decisions\ADR-REGISTER.md","58","Generated documents must retain this label as text but remove the .md hyperlink.","ADR-0036-least-privilege-application-role.md"
"MARKDOWN_LINK_IN_OUTPUT_SOURCE","Warning","docs\decisions\ADR-REGISTER.md","59","Generated documents must retain this label as text but remove the .md hyperlink.","ADR-0037-preserve-source-cell-lineage.md"
"MARKDOWN_LINK_IN_OUTPUT_SOURCE","Warning","docs\decisions\ADR-REGISTER.md","60","Generated documents must retain this label as text but remove the .md hyperlink.","ADR-0038-bounded-parallel-plugin-execution.md"
"MARKDOWN_LINK_IN_OUTPUT_SOURCE","Warning","docs\decisions\ADR-REGISTER.md","61","Generated documents must retain this label as text but remove the .md hyperlink.","ADR-0039-database-concurrency-owned-by-transactions.md"
"MARKDOWN_LINK_IN_OUTPUT_SOURCE","Warning","docs\decisions\ADR-REGISTER.md","62","Generated documents must retain this label as text but remove the .md hyperlink.","ADR-0040-openmeteo-relational-storage.md"
"MARKDOWN_LINK_IN_OUTPUT_SOURCE","Warning","docs\decisions\ADR-REGISTER.md","63","Generated documents must retain this label as text but remove the .md hyperlink.","ADR-0041-contextual-jul-for-concurrent-plugins.md"
"MARKDOWN_LINK_IN_OUTPUT_SOURCE","Warning","docs\decisions\ADR-REGISTER.md","64","Generated documents must retain this label as text but remove the .md hyperlink.","ADR-0042-side-effect-free-dry-run.md"
"MARKDOWN_LINK_IN_OUTPUT_SOURCE","Warning","docs\decisions\ADR-REGISTER.md","65","Generated documents must retain this label as text but remove the .md hyperlink.","ADR-0043-plugin-local-pipeline-packages.md"
"MARKDOWN_LINK_IN_OUTPUT_SOURCE","Warning","docs\decisions\ADR-REGISTER.md","66","Generated documents must retain this label as text but remove the .md hyperlink.","ADR-0044-octopus-energy.md"
"MARKDOWN_LINK_IN_OUTPUT_SOURCE","Warning","docs\decisions\ADR-REGISTER.md","67","Generated documents must retain this label as text but remove the .md hyperlink.","ADR-0045-documentation-delivery-baseline.md"
"MARKDOWN_LINK_IN_OUTPUT_SOURCE","Warning","docs\decisions\ADR-REGISTER.md","68","Generated documents must retain this label as text but remove the .md hyperlink.","ADR-0046-manifest-driven-documentation-engine.md"
"MARKDOWN_LINK_IN_OUTPUT_SOURCE","Warning","docs\decisions\ADR-REGISTER.md","69","Generated documents must retain this label as text but remove the .md hyperlink.","ADR-0047-database-backed-configuration-registration.md"
"MARKDOWN_LINK_IN_OUTPUT_SOURCE","Warning","docs\decisions\ADR-REGISTER.md","70","Generated documents must retain this label as text but remove the .md hyperlink.","ADR-0048-persistent-plugin-registry-and-cli-lifecycle.md"
"MARKDOWN_LINK_IN_OUTPUT_SOURCE","Warning","docs\decisions\ADR-REGISTER.md","71","Generated documents must retain this label as text but remove the .md hyperlink.","ADR-0049-shared-validation-and-jdbc-execution.md"
"MARKDOWN_LINK_IN_OUTPUT_SOURCE","Warning","docs\decisions\ADR-REGISTER.md","72","Generated documents must retain this label as text but remove the .md hyperlink.","ADR-0050-application-metadata-validation-and-utilities.md"
"MARKDOWN_LINK_IN_OUTPUT_SOURCE","Warning","docs\decisions\README.md","11","Generated documents must retain this label as text but remove the .md hyperlink.","ADR-REGISTER.md"
"MARKDOWN_LINK_IN_OUTPUT_SOURCE","Warning","docs\development\Build-CI-and-Release-Guide.md","50","Generated documents must retain this label as text but remove the .md hyperlink.","../release/Final-Release-Checklist.md"
"MARKDOWN_LINK_IN_OUTPUT_SOURCE","Warning","docs\development\README.md","13","Generated documents must retain this label as text but remove the .md hyperlink.","repository-structure.md"
"MARKDOWN_LINK_IN_OUTPUT_SOURCE","Warning","docs\development\README.md","14","Generated documents must retain this label as text but remove the .md hyperlink.","local-build-test-run.md"
"MARKDOWN_LINK_IN_OUTPUT_SOURCE","Warning","docs\development\README.md","15","Generated documents must retain this label as text but remove the .md hyperlink.","Java-Quality-Guide.md"
"MARKDOWN_LINK_IN_OUTPUT_SOURCE","Warning","docs\development\README.md","16","Generated documents must retain this label as text but remove the .md hyperlink.","dependency-management.md"
"MARKDOWN_LINK_IN_OUTPUT_SOURCE","Warning","docs\development\README.md","17","Generated documents must retain this label as text but remove the .md hyperlink.","Build-CI-and-Release-Guide.md"
"MARKDOWN_LINK_IN_OUTPUT_SOURCE","Warning","docs\development\README.md","18","Generated documents must retain this label as text but remove the .md hyperlink.","release-and-versioning.md"
"MARKDOWN_LINK_IN_OUTPUT_SOURCE","Warning","docs\development\README.md","22","Generated documents must retain this label as text but remove the .md hyperlink.","../guides/adding-a-plugin.md"
"MARKDOWN_LINK_IN_OUTPUT_SOURCE","Warning","docs\development\README.md","23","Generated documents must retain this label as text but remove the .md hyperlink.","../reference/shared-validation-and-jdbc-reference.md"
"MARKDOWN_LINK_IN_OUTPUT_SOURCE","Warning","docs\development\README.md","24","Generated documents must retain this label as text but remove the .md hyperlink.","../architecture/028-shared-validation-and-jdbc-infrastructure.md"
"MARKDOWN_LINK_IN_OUTPUT_SOURCE","Warning","docs\development\README.md","25","Generated documents must retain this label as text but remove the .md hyperlink.","../guides/adding-a-csv-plugin.md"
"MARKDOWN_LINK_IN_OUTPUT_SOURCE","Warning","docs\development\README.md","26","Generated documents must retain this label as text but remove the .md hyperlink.","../guides/adding-a-json-plugin.md"
"MARKDOWN_LINK_IN_OUTPUT_SOURCE","Warning","docs\development\README.md","27","Generated documents must retain this label as text but remove the .md hyperlink.","../guides/adding-an-excel-plugin.md"
"MARKDOWN_LINK_IN_OUTPUT_SOURCE","Warning","docs\development\README.md","28","Generated documents must retain this label as text but remove the .md hyperlink.","../guides/adding-html-link-discovery.md"
"MARKDOWN_LINK_IN_OUTPUT_SOURCE","Warning","docs\development\README.md","29","Generated documents must retain this label as text but remove the .md hyperlink.","../reference/plugin-api-reference.md"
"MARKDOWN_LINK_IN_OUTPUT_SOURCE","Warning","docs\development\README.md","30","Generated documents must retain this label as text but remove the .md hyperlink.","../reference/plugin-properties-reference.md"
"MARKDOWN_LINK_IN_OUTPUT_SOURCE","Warning","docs\development\README.md","31","Generated documents must retain this label as text but remove the .md hyperlink.","../templates/plugin-java/README.md"
"MARKDOWN_LINK_IN_OUTPUT_SOURCE","Warning","docs\development\README.md","32","Generated documents must retain this label as text but remove the .md hyperlink.","../examples/example-plugin/README.md"
"MARKDOWN_LINK_IN_OUTPUT_SOURCE","Warning","docs\development\README.md","36","Generated documents must retain this label as text but remove the .md hyperlink.","../standards/README.md"
"MARKDOWN_LINK_IN_OUTPUT_SOURCE","Warning","docs\development\README.md","37","Generated documents must retain this label as text but remove the .md hyperlink.","../decisions/README.md"
"MARKDOWN_LINK_IN_OUTPUT_SOURCE","Warning","docs\development\README.md","38","Generated documents must retain this label as text but remove the .md hyperlink.","../architecture/ARCHITECTURE.md"
"MARKDOWN_LINK_IN_OUTPUT_SOURCE","Warning","docs\diagrams\source\README.md","20","Generated documents must retain this label as text but remove the .md hyperlink.","../README.md"
"MARKDOWN_LINK_IN_OUTPUT_SOURCE","Warning","docs\DOCUMENTATION-INDEX.md","5","Generated documents must retain this label as text but remove the .md hyperlink.","../README.md"
"MARKDOWN_LINK_IN_OUTPUT_SOURCE","Warning","docs\DOCUMENTATION-INDEX.md","6","Generated documents must retain this label as text but remove the .md hyperlink.","guides/quick-start.md"
"MARKDOWN_LINK_IN_OUTPUT_SOURCE","Warning","docs\DOCUMENTATION-INDEX.md","7","Generated documents must retain this label as text but remove the .md hyperlink.","user-guide/README.md"
"MARKDOWN_LINK_IN_OUTPUT_SOURCE","Warning","docs\DOCUMENTATION-INDEX.md","8","Generated documents must retain this label as text but remove the .md hyperlink.","operations/README.md"
"MARKDOWN_LINK_IN_OUTPUT_SOURCE","Warning","docs\DOCUMENTATION-INDEX.md","9","Generated documents must retain this label as text but remove the .md hyperlink.","architecture/ARCHITECTURE.md"
"MARKDOWN_LINK_IN_OUTPUT_SOURCE","Warning","docs\DOCUMENTATION-INDEX.md","10","Generated documents must retain this label as text but remove the .md hyperlink.","development/README.md"
"MARKDOWN_LINK_IN_OUTPUT_SOURCE","Warning","docs\DOCUMENTATION-INDEX.md","11","Generated documents must retain this label as text but remove the .md hyperlink.","reference/README.md"
"MARKDOWN_LINK_IN_OUTPUT_SOURCE","Warning","docs\DOCUMENTATION-INDEX.md","12","Generated documents must retain this label as text but remove the .md hyperlink.","governance/README.md"
"MARKDOWN_LINK_IN_OUTPUT_SOURCE","Warning","docs\DOCUMENTATION-INDEX.md","13","Generated documents must retain this label as text but remove the .md hyperlink.","release/Release-Process.md"
"MARKDOWN_LINK_IN_OUTPUT_SOURCE","Warning","docs\DOCUMENTATION-INDEX.md","14","Generated documents must retain this label as text but remove the .md hyperlink.","review/RELEASE-READINESS-STATUS-2.0.0.md"
"MARKDOWN_LINK_IN_OUTPUT_SOURCE","Warning","docs\DOCUMENTATION-INDEX.md","27","Generated documents must retain this label as text but remove the .md hyperlink.","architecture/028-shared-validation-and-jdbc-infrastructure.md"
"MARKDOWN_LINK_IN_OUTPUT_SOURCE","Warning","docs\DOCUMENTATION-INDEX.md","28","Generated documents must retain this label as text but remove the .md hyperlink.","reference/shared-validation-and-jdbc-reference.md"
"MARKDOWN_LINK_IN_OUTPUT_SOURCE","Warning","docs\DOCUMENTATION-INDEX.md","29","Generated documents must retain this label as text but remove the .md hyperlink.","architecture/021-ofgem-price-cap-architecture.md"
"MARKDOWN_LINK_IN_OUTPUT_SOURCE","Warning","docs\DOCUMENTATION-INDEX.md","30","Generated documents must retain this label as text but remove the .md hyperlink.","architecture/026-openmeteo-historical-weather-architecture.md"
"MARKDOWN_LINK_IN_OUTPUT_SOURCE","Warning","docs\DOCUMENTATION-INDEX.md","31","Generated documents must retain this label as text but remove the .md hyperlink.","architecture/027-octopus-energy-statement-architecture.md"
"MARKDOWN_LINK_IN_OUTPUT_SOURCE","Warning","docs\DOCUMENTATION-INDEX.md","32","Generated documents must retain this label as text but remove the .md hyperlink.","review/FINAL-DOCUMENTATION-AUDIT-2026-08-04.md"
"MARKDOWN_LINK_IN_OUTPUT_SOURCE","Warning","docs\DOCUMENTATION-INDEX.md","36","Generated documents must retain this label as text but remove the .md hyperlink.","release/Final-Release-Checklist.md"
"MARKDOWN_LINK_IN_OUTPUT_SOURCE","Warning","docs\DOCUMENTATION-INDEX.md","37","Generated documents must retain this label as text but remove the .md hyperlink.","release/Release-Evidence-Index.md"
"MARKDOWN_LINK_IN_OUTPUT_SOURCE","Warning","docs\DOCUMENTATION-INDEX.md","38","Generated documents must retain this label as text but remove the .md hyperlink.","decisions/ADR-REGISTER.md"
"MARKDOWN_LINK_IN_OUTPUT_SOURCE","Warning","docs\DOCUMENTATION-INDEX.md","40","Generated documents must retain this label as text but remove the .md hyperlink.","release/Release-1.0.0.md"
"MARKDOWN_LINK_IN_OUTPUT_SOURCE","Warning","docs\examples\example-plugin\README.md","15","Generated documents must retain this label as text but remove the .md hyperlink.","../../templates/plugin-java/README.md"
"MARKDOWN_LINK_IN_OUTPUT_SOURCE","Warning","docs\governance\README.md","6","Generated documents must retain this label as text but remove the .md hyperlink.","data-and-privacy-governance.md"
"MARKDOWN_LINK_IN_OUTPUT_SOURCE","Warning","docs\governance\README.md","7","Generated documents must retain this label as text but remove the .md hyperlink.","dependency-and-attribution-management.md"
"MARKDOWN_LINK_IN_OUTPUT_SOURCE","Warning","docs\governance\README.md","8","Generated documents must retain this label as text but remove the .md hyperlink.","release-compliance-checklist.md"
"MARKDOWN_LINK_IN_OUTPUT_SOURCE","Warning","docs\governance\README.md","9","Generated documents must retain this label as text but remove the .md hyperlink.","../Licensing-Policy.md"
"MARKDOWN_LINK_IN_OUTPUT_SOURCE","Warning","docs\governance\README.md","10","Generated documents must retain this label as text but remove the .md hyperlink.","../../SECURITY.md"
"MARKDOWN_LINK_IN_OUTPUT_SOURCE","Warning","docs\governance\README.md","11","Generated documents must retain this label as text but remove the .md hyperlink.","../../THIRD-PARTY-NOTICES.md"
"MARKDOWN_LINK_IN_OUTPUT_SOURCE","Warning","docs\governance\README.md","12","Generated documents must retain this label as text but remove the .md hyperlink.","../../DATA-SOURCE-NOTICES.md"
"MARKDOWN_LINK_IN_OUTPUT_SOURCE","Warning","docs\guides\adding-a-plugin.md","186","Generated documents must retain this label as text but remove the .md hyperlink.","../reference/shared-validation-and-jdbc-reference.md"
"MARKDOWN_LINK_IN_OUTPUT_SOURCE","Warning","docs\guides\README.md","12","Generated documents must retain this label as text but remove the .md hyperlink.","quick-start.md"
"MARKDOWN_LINK_IN_OUTPUT_SOURCE","Warning","docs\guides\README.md","13","Generated documents must retain this label as text but remove the .md hyperlink.","sql-server-bootstrap.md"
"MARKDOWN_LINK_IN_OUTPUT_SOURCE","Warning","docs\guides\README.md","14","Generated documents must retain this label as text but remove the .md hyperlink.","database-configuration-and-security.md"
"MARKDOWN_LINK_IN_OUTPUT_SOURCE","Warning","docs\guides\README.md","15","Generated documents must retain this label as text but remove the .md hyperlink.","running-plugins.md"
"MARKDOWN_LINK_IN_OUTPUT_SOURCE","Warning","docs\guides\README.md","16","Generated documents must retain this label as text but remove the .md hyperlink.","running-and-testing.md"
"MARKDOWN_LINK_IN_OUTPUT_SOURCE","Warning","docs\guides\README.md","17","Generated documents must retain this label as text but remove the .md hyperlink.","database-troubleshooting.md"
"MARKDOWN_LINK_IN_OUTPUT_SOURCE","Warning","docs\guides\README.md","21","Generated documents must retain this label as text but remove the .md hyperlink.","adding-a-plugin.md"
"MARKDOWN_LINK_IN_OUTPUT_SOURCE","Warning","docs\guides\README.md","22","Generated documents must retain this label as text but remove the .md hyperlink.","adding-a-csv-plugin.md"
"MARKDOWN_LINK_IN_OUTPUT_SOURCE","Warning","docs\guides\README.md","23","Generated documents must retain this label as text but remove the .md hyperlink.","adding-a-json-plugin.md"
"MARKDOWN_LINK_IN_OUTPUT_SOURCE","Warning","docs\guides\README.md","24","Generated documents must retain this label as text but remove the .md hyperlink.","adding-an-excel-plugin.md"
"MARKDOWN_LINK_IN_OUTPUT_SOURCE","Warning","docs\guides\README.md","25","Generated documents must retain this label as text but remove the .md hyperlink.","adding-html-link-discovery.md"
"MARKDOWN_LINK_IN_OUTPUT_SOURCE","Warning","docs\guides\README.md","26","Generated documents must retain this label as text but remove the .md hyperlink.","configuring-api-credentials.md"
"MARKDOWN_LINK_IN_OUTPUT_SOURCE","Warning","docs\guides\README.md","27","Generated documents must retain this label as text but remove the .md hyperlink.","plugin-contract-migration.md"
"MARKDOWN_LINK_IN_OUTPUT_SOURCE","Warning","docs\guides\README.md","29","Generated documents must retain this label as text but remove the .md hyperlink.","../templates/plugin-java/README.md"
"MARKDOWN_LINK_IN_OUTPUT_SOURCE","Warning","docs\guides\README.md","31","Generated documents must retain this label as text but remove the .md hyperlink.","../examples/example-plugin/README.md"
"MARKDOWN_LINK_IN_OUTPUT_SOURCE","Warning","docs\operations\README.md","10","Generated documents must retain this label as text but remove the .md hyperlink.","operations-runbook.md"
"MARKDOWN_LINK_IN_OUTPUT_SOURCE","Warning","docs\operations\README.md","11","Generated documents must retain this label as text but remove the .md hyperlink.","monitoring-and-diagnostics.md"
"MARKDOWN_LINK_IN_OUTPUT_SOURCE","Warning","docs\operations\README.md","12","Generated documents must retain this label as text but remove the .md hyperlink.","backup-and-recovery.md"
"MARKDOWN_LINK_IN_OUTPUT_SOURCE","Warning","docs\operations\README.md","13","Generated documents must retain this label as text but remove the .md hyperlink.","logging-and-pool.md"
"MARKDOWN_LINK_IN_OUTPUT_SOURCE","Warning","docs\operations\README.md","14","Generated documents must retain this label as text but remove the .md hyperlink.","../guides/database-troubleshooting.md"
"MARKDOWN_LINK_IN_OUTPUT_SOURCE","Warning","docs\plugins\octopus\README.md","58","Generated documents must retain this label as text but remove the .md hyperlink.","../../architecture/027-octopus-energy-statement-architecture.md"
"MARKDOWN_LINK_IN_OUTPUT_SOURCE","Warning","docs\plugins\octopus\README.md","59","Generated documents must retain this label as text but remove the .md hyperlink.","../../reference/octopus-plugin.md"
"MARKDOWN_LINK_IN_OUTPUT_SOURCE","Warning","docs\plugins\octopus\README.md","60","Generated documents must retain this label as text but remove the .md hyperlink.","../../reference/octopus-schema.md"
"MARKDOWN_LINK_IN_OUTPUT_SOURCE","Warning","docs\plugins\ofgem\README.md","66","Generated documents must retain this label as text but remove the .md hyperlink.","../../architecture/021-ofgem-price-cap-architecture.md"
"MARKDOWN_LINK_IN_OUTPUT_SOURCE","Warning","docs\plugins\ofgem\README.md","67","Generated documents must retain this label as text but remove the .md hyperlink.","workbook-mapping.md"
"MARKDOWN_LINK_IN_OUTPUT_SOURCE","Warning","docs\plugins\ofgem\README.md","68","Generated documents must retain this label as text but remove the .md hyperlink.","data-model.md"
"MARKDOWN_LINK_IN_OUTPUT_SOURCE","Warning","docs\plugins\ofgem\README.md","69","Generated documents must retain this label as text but remove the .md hyperlink.","../../reference/ofgem-plugin-configuration.md"
"MARKDOWN_LINK_IN_OUTPUT_SOURCE","Warning","docs\plugins\ofgem\README.md","70","Generated documents must retain this label as text but remove the .md hyperlink.","../../reference/ofgem-plugin.md"
"MARKDOWN_LINK_IN_OUTPUT_SOURCE","Warning","docs\plugins\ofgem\README.md","71","Generated documents must retain this label as text but remove the .md hyperlink.","../../reference/ofgem-price-cap-data-dictionary.md"
"MARKDOWN_LINK_IN_OUTPUT_SOURCE","Warning","docs\plugins\openmeteo\README.md","62","Generated documents must retain this label as text but remove the .md hyperlink.","../../architecture/026-openmeteo-historical-weather-architecture.md"
"MARKDOWN_LINK_IN_OUTPUT_SOURCE","Warning","docs\plugins\openmeteo\README.md","63","Generated documents must retain this label as text but remove the .md hyperlink.","../../reference/openmeteo-plugin.md"
"MARKDOWN_LINK_IN_OUTPUT_SOURCE","Warning","docs\plugins\openmeteo\README.md","64","Generated documents must retain this label as text but remove the .md hyperlink.","../../reference/openmeteo-schema.md"
"MARKDOWN_LINK_IN_OUTPUT_SOURCE","Warning","docs\plugins\README.md","12","Generated documents must retain this label as text but remove the .md hyperlink.","ofgem/README.md"
"MARKDOWN_LINK_IN_OUTPUT_SOURCE","Warning","docs\plugins\README.md","13","Generated documents must retain this label as text but remove the .md hyperlink.","openmeteo/README.md"
"MARKDOWN_LINK_IN_OUTPUT_SOURCE","Warning","docs\plugins\README.md","14","Generated documents must retain this label as text but remove the .md hyperlink.","octopus/README.md"
"MARKDOWN_LINK_IN_OUTPUT_SOURCE","Warning","docs\plugins\README.md","46","Generated documents must retain this label as text but remove the .md hyperlink.","../examples/example-plugin/README.md"
"MARKDOWN_LINK_IN_OUTPUT_SOURCE","Warning","docs\README.md","6","Generated documents must retain this label as text but remove the .md hyperlink.","DOCUMENTATION-INDEX.md"
"MARKDOWN_LINK_IN_OUTPUT_SOURCE","Warning","docs\README.md","32","Generated documents must retain this label as text but remove the .md hyperlink.","review/RELEASE-READINESS-STATUS-2.0.0.md"
"MARKDOWN_LINK_IN_OUTPUT_SOURCE","Warning","docs\reference\configuration-reference.md","96","Generated documents must retain this label as text but remove the .md hyperlink.","plugin-properties-reference.md"
"MARKDOWN_LINK_IN_OUTPUT_SOURCE","Warning","docs\reference\configuration-reference.md","97","Generated documents must retain this label as text but remove the .md hyperlink.","plugin-registry-reference.md"
"MARKDOWN_LINK_IN_OUTPUT_SOURCE","Warning","docs\reference\database-schema-reference.md","72","Generated documents must retain this label as text but remove the .md hyperlink.","ofgem-price-cap-data-dictionary.md"
"MARKDOWN_LINK_IN_OUTPUT_SOURCE","Warning","docs\reference\plugin-properties-reference.md","61","Generated documents must retain this label as text but remove the .md hyperlink.","supported-data-formats.md"
"MARKDOWN_LINK_IN_OUTPUT_SOURCE","Warning","docs\reference\plugin-properties-reference.md","115","Generated documents must retain this label as text but remove the .md hyperlink.","shared-validation-and-jdbc-reference.md"
"MARKDOWN_LINK_IN_OUTPUT_SOURCE","Warning","docs\reference\README.md","12","Generated documents must retain this label as text but remove the .md hyperlink.","command-line-reference.md"
"MARKDOWN_LINK_IN_OUTPUT_SOURCE","Warning","docs\reference\README.md","13","Generated documents must retain this label as text but remove the .md hyperlink.","configuration-reference.md"
"MARKDOWN_LINK_IN_OUTPUT_SOURCE","Warning","docs\reference\README.md","14","Generated documents must retain this label as text but remove the .md hyperlink.","database-configuration.md"
"MARKDOWN_LINK_IN_OUTPUT_SOURCE","Warning","docs\reference\README.md","15","Generated documents must retain this label as text but remove the .md hyperlink.","plugin-api-reference.md"
"MARKDOWN_LINK_IN_OUTPUT_SOURCE","Warning","docs\reference\README.md","16","Generated documents must retain this label as text but remove the .md hyperlink.","plugin-registry-reference.md"
"MARKDOWN_LINK_IN_OUTPUT_SOURCE","Warning","docs\reference\README.md","17","Generated documents must retain this label as text but remove the .md hyperlink.","plugin-properties-reference.md"
"MARKDOWN_LINK_IN_OUTPUT_SOURCE","Warning","docs\reference\README.md","18","Generated documents must retain this label as text but remove the .md hyperlink.","shared-validation-and-jdbc-reference.md"
"MARKDOWN_LINK_IN_OUTPUT_SOURCE","Warning","docs\reference\README.md","22","Generated documents must retain this label as text but remove the .md hyperlink.","database-schema-reference.md"
"MARKDOWN_LINK_IN_OUTPUT_SOURCE","Warning","docs\reference\README.md","23","Generated documents must retain this label as text but remove the .md hyperlink.","ingestion-audit-reference.md"
"MARKDOWN_LINK_IN_OUTPUT_SOURCE","Warning","docs\reference\README.md","24","Generated documents must retain this label as text but remove the .md hyperlink.","ofgem-price-cap-data-dictionary.md"
"MARKDOWN_LINK_IN_OUTPUT_SOURCE","Warning","docs\reference\README.md","25","Generated documents must retain this label as text but remove the .md hyperlink.","openmeteo-schema.md"
"MARKDOWN_LINK_IN_OUTPUT_SOURCE","Warning","docs\reference\README.md","26","Generated documents must retain this label as text but remove the .md hyperlink.","octopus-schema.md"
"MARKDOWN_LINK_IN_OUTPUT_SOURCE","Warning","docs\reference\README.md","30","Generated documents must retain this label as text but remove the .md hyperlink.","ofgem-plugin.md"
"MARKDOWN_LINK_IN_OUTPUT_SOURCE","Warning","docs\reference\README.md","31","Generated documents must retain this label as text but remove the .md hyperlink.","openmeteo-plugin.md"
"MARKDOWN_LINK_IN_OUTPUT_SOURCE","Warning","docs\reference\README.md","32","Generated documents must retain this label as text but remove the .md hyperlink.","octopus-plugin.md"
"MARKDOWN_LINK_IN_OUTPUT_SOURCE","Warning","docs\reference\README.md","33","Generated documents must retain this label as text but remove the .md hyperlink.","supported-data-formats.md"
"MARKDOWN_LINK_IN_OUTPUT_SOURCE","Warning","docs\reference\README.md","34","Generated documents must retain this label as text but remove the .md hyperlink.","download-and-discovery-reference.md"
"MARKDOWN_LINK_IN_OUTPUT_SOURCE","Warning","docs\reference\README.md","35","Generated documents must retain this label as text but remove the .md hyperlink.","csv-parsing.md"
"MARKDOWN_LINK_IN_OUTPUT_SOURCE","Warning","docs\reference\README.md","36","Generated documents must retain this label as text but remove the .md hyperlink.","json-parsing.md"
"MARKDOWN_LINK_IN_OUTPUT_SOURCE","Warning","docs\reference\README.md","37","Generated documents must retain this label as text but remove the .md hyperlink.","excel-parsing.md"
"MARKDOWN_LINK_IN_OUTPUT_SOURCE","Warning","docs\reference\README.md","38","Generated documents must retain this label as text but remove the .md hyperlink.","html-link-discovery.md"
"MARKDOWN_LINK_IN_OUTPUT_SOURCE","Warning","docs\release\Final-Release-Checklist.md","7","Generated documents must retain this label as text but remove the .md hyperlink.","Release-Evidence-Index.md"
"MARKDOWN_LINK_IN_OUTPUT_SOURCE","Warning","docs\review\DOCUMENTATION-GAP-ANALYSIS-2026-07-26.md","90","Generated documents must retain this label as text but remove the .md hyperlink.","UNRESOLVED-TOOLCHAIN-AND-SPECIFICATION-GAPS-2026-07-26.md"
"MARKDOWN_LINK_IN_OUTPUT_SOURCE","Warning","docs\review\DOCUMENTATION-GAP-ANALYSIS-2026-07-26.md","96","Generated documents must retain this label as text but remove the .md hyperlink.","../architecture/CURRENT-CODE-INVENTORY.md"
"MARKDOWN_LINK_IN_OUTPUT_SOURCE","Warning","docs\review\PHASE-3-COMPLETION-CHECKLIST.md","10","Generated documents must retain this label as text but remove the .md hyperlink.","DOCUMENTATION-GAP-ANALYSIS-2026-07-26.md"
"MARKDOWN_LINK_IN_OUTPUT_SOURCE","Warning","docs\review\README.md","5","Generated documents must retain this label as text but remove the .md hyperlink.","CLI-AND-PLUGIN-REGISTRY-UPDATE-2026-08-03.md"
"MARKDOWN_LINK_IN_OUTPUT_SOURCE","Warning","docs\review\README.md","6","Generated documents must retain this label as text but remove the .md hyperlink.","RELEASE-READINESS-STATUS-2.0.0.md"
"MARKDOWN_LINK_IN_OUTPUT_SOURCE","Warning","docs\review\README.md","7","Generated documents must retain this label as text but remove the .md hyperlink.","FINAL-DOCUMENTATION-AUDIT-2026-08-03.md"
"MARKDOWN_LINK_IN_OUTPUT_SOURCE","Warning","docs\review\README.md","11","Generated documents must retain this label as text but remove the .md hyperlink.","DOCUMENTATION-GAP-ANALYSIS-2026-07-26.md"
"MARKDOWN_LINK_IN_OUTPUT_SOURCE","Warning","docs\review\README.md","12","Generated documents must retain this label as text but remove the .md hyperlink.","UNRESOLVED-TOOLCHAIN-AND-SPECIFICATION-GAPS-2026-07-26.md"
"MARKDOWN_LINK_IN_OUTPUT_SOURCE","Warning","docs\review\README.md","13","Generated documents must retain this label as text but remove the .md hyperlink.","PHASE-3-COMPLETION-CHECKLIST.md"
"MARKDOWN_LINK_IN_OUTPUT_SOURCE","Warning","docs\review\README.md","14","Generated documents must retain this label as text but remove the .md hyperlink.","integration-review-2026-07-23.md"
"MARKDOWN_LINK_IN_OUTPUT_SOURCE","Warning","docs\review\UNRESOLVED-TOOLCHAIN-AND-SPECIFICATION-GAPS-2026-07-26.md","21","Generated documents must retain this label as text but remove the .md hyperlink.","DOCUMENTATION-GAP-ANALYSIS-2026-07-26.md"
"MARKDOWN_LINK_IN_OUTPUT_SOURCE","Warning","docs\standards\README.md","10","Generated documents must retain this label as text but remove the .md hyperlink.","coding-standard.md"
"MARKDOWN_LINK_IN_OUTPUT_SOURCE","Warning","docs\standards\README.md","11","Generated documents must retain this label as text but remove the .md hyperlink.","testing-standard.md"
"MARKDOWN_LINK_IN_OUTPUT_SOURCE","Warning","docs\standards\README.md","12","Generated documents must retain this label as text but remove the .md hyperlink.","documentation-standard.md"
"MARKDOWN_LINK_IN_OUTPUT_SOURCE","Warning","docs\standards\README.md","13","Generated documents must retain this label as text but remove the .md hyperlink.","security-standard.md"
"MARKDOWN_LINK_IN_OUTPUT_SOURCE","Warning","docs\standards\README.md","14","Generated documents must retain this label as text but remove the .md hyperlink.","plugin-package-architecture.md"
"MARKDOWN_LINK_IN_OUTPUT_SOURCE","Warning","docs\user-guide\02-prerequisites-and-installation.md","64","Generated documents must retain this label as text but remove the .md hyperlink.","03-sql-server-setup.md"
"MARKDOWN_LINK_IN_OUTPUT_SOURCE","Warning","docs\user-guide\03-sql-server-setup.md","63","Generated documents must retain this label as text but remove the .md hyperlink.","04-configuration.md"
"MARKDOWN_LINK_IN_OUTPUT_SOURCE","Warning","docs\user-guide\03-sql-server-setup.md","64","Generated documents must retain this label as text but remove the .md hyperlink.","../guides/sql-server-bootstrap.md"
"MARKDOWN_LINK_IN_OUTPUT_SOURCE","Warning","docs\user-guide\05-command-line-use.md","137","Generated documents must retain this label as text but remove the .md hyperlink.","../reference/command-line-reference.md"
"MARKDOWN_LINK_IN_OUTPUT_SOURCE","Warning","docs\user-guide\11-maintenance-and-security.md","42","Generated documents must retain this label as text but remove the .md hyperlink.","../operations/backup-and-recovery.md"
"MARKDOWN_LINK_IN_OUTPUT_SOURCE","Warning","docs\user-guide\README.md","14","Generated documents must retain this label as text but remove the .md hyperlink.","01-introduction.md"
"MARKDOWN_LINK_IN_OUTPUT_SOURCE","Warning","docs\user-guide\README.md","15","Generated documents must retain this label as text but remove the .md hyperlink.","02-prerequisites-and-installation.md"
"MARKDOWN_LINK_IN_OUTPUT_SOURCE","Warning","docs\user-guide\README.md","16","Generated documents must retain this label as text but remove the .md hyperlink.","03-sql-server-setup.md"
"MARKDOWN_LINK_IN_OUTPUT_SOURCE","Warning","docs\user-guide\README.md","17","Generated documents must retain this label as text but remove the .md hyperlink.","04-configuration.md"
"MARKDOWN_LINK_IN_OUTPUT_SOURCE","Warning","docs\user-guide\README.md","18","Generated documents must retain this label as text but remove the .md hyperlink.","05-command-line-use.md"
"MARKDOWN_LINK_IN_OUTPUT_SOURCE","Warning","docs\user-guide\README.md","19","Generated documents must retain this label as text but remove the .md hyperlink.","06-ofgem-price-cap-plugin.md"
"MARKDOWN_LINK_IN_OUTPUT_SOURCE","Warning","docs\user-guide\README.md","20","Generated documents must retain this label as text but remove the .md hyperlink.","07-openmeteo-weather-plugin.md"
"MARKDOWN_LINK_IN_OUTPUT_SOURCE","Warning","docs\user-guide\README.md","21","Generated documents must retain this label as text but remove the .md hyperlink.","08-octopus-energy-statements.md"
"MARKDOWN_LINK_IN_OUTPUT_SOURCE","Warning","docs\user-guide\README.md","22","Generated documents must retain this label as text but remove the .md hyperlink.","08-multiple-plugins-and-parallelism.md"
"MARKDOWN_LINK_IN_OUTPUT_SOURCE","Warning","docs\user-guide\README.md","23","Generated documents must retain this label as text but remove the .md hyperlink.","09-dry-runs.md"
"MARKDOWN_LINK_IN_OUTPUT_SOURCE","Warning","docs\user-guide\README.md","24","Generated documents must retain this label as text but remove the .md hyperlink.","10-logs-audit-and-troubleshooting.md"
"MARKDOWN_LINK_IN_OUTPUT_SOURCE","Warning","docs\user-guide\README.md","25","Generated documents must retain this label as text but remove the .md hyperlink.","11-maintenance-and-security.md"
"MARKDOWN_LINK_IN_OUTPUT_SOURCE","Warning","docs\user-guide\README.md","28","Generated documents must retain this label as text but remove the .md hyperlink.","../guides/quick-start.md"
"MARKDOWN_LINK_IN_OUTPUT_SOURCE","Warning","docs\user-guide\README.md","29","Generated documents must retain this label as text but remove the .md hyperlink.","../operations/operations-runbook.md"
"PUML_OUTSIDE_SOURCE_FOLDER","Warning","docs\_templates\uml-component.puml","0","PlantUML file is outside the configured diagram source directory.","docs/diagrams/source"
"PUML_OUTSIDE_SOURCE_FOLDER","Warning","docs\_templates\uml-sequence.puml","0","PlantUML file is outside the configured diagram source directory.","docs/diagrams/source"
